"time","par"
2023-07-17 00:00:01,2.0198761
2023-07-17 00:01:01,1.6813759
2023-07-17 00:02:01,1.4705786
2023-07-17 00:03:01,1.2007265
2023-07-17 00:04:01,1.1913517
2023-07-17 00:05:01,0.9957505
2023-07-17 00:06:01,0.8692206
2023-07-17 00:07:01,0.9457577
2023-07-17 00:08:01,0.8774063
2023-07-17 00:09:01,0.6984088
2023-07-17 00:10:01,0.6574596
2023-07-17 00:11:01,0.5647949
2023-07-17 00:12:01,0.1207546
2023-07-17 00:13:01,0.5323557
2023-07-17 00:14:01,0.8013223
2023-07-17 00:15:01,0.9905088
2023-07-17 00:16:01,0.9715706
2023-07-17 00:17:01,0.8939065
2023-07-17 00:18:01,0.8620423
2023-07-17 00:19:01,0.7631768
2023-07-17 00:20:01,0.6725614
2023-07-17 00:21:01,0.4636133
2023-07-17 00:22:01,0.4119116
2023-07-17 00:23:01,0.4246927
2023-07-17 00:24:01,0.5935219
2023-07-17 00:25:01,0.5667131
2023-07-17 00:26:01,0.7280259
2023-07-17 00:27:01,0.8642296
2023-07-17 00:28:01,0.7567391
2023-07-17 00:29:01,0.8498914
2023-07-17 00:30:01,0.6279805
2023-07-17 00:31:01,0.4261969
2023-07-17 00:32:01,0.3112268
2023-07-17 00:33:01,0.1680748
2023-07-17 00:34:01,0.0981548
2023-07-17 00:35:01,0.2202664
2023-07-17 00:36:01,0.2391034
2023-07-17 00:37:01,0.1709728
2023-07-17 00:38:01,0
2023-07-17 00:39:01,0
2023-07-17 00:40:01,0
2023-07-17 00:41:01,0
2023-07-17 00:42:01,0
2023-07-17 00:43:01,0
2023-07-17 00:44:01,0
2023-07-17 00:45:01,0
2023-07-17 00:46:01,0
2023-07-17 00:47:01,0
2023-07-17 00:48:01,0
2023-07-17 00:49:01,0
2023-07-17 00:50:01,0
2023-07-17 00:51:01,0
2023-07-17 00:52:01,0
2023-07-17 00:53:01,0.0483345
2023-07-17 00:54:01,1.044729
2023-07-17 00:55:01,1.8811723
2023-07-17 00:56:01,1.7210578
2023-07-17 00:57:01,1.920776
2023-07-17 00:58:01,1.8493173
2023-07-17 00:59:01,1.0257448
2023-07-17 01:00:01,0.9700917
2023-07-17 01:01:01,1.8176992
2023-07-17 01:02:01,3.2618025
2023-07-17 01:03:01,0
2023-07-17 01:04:01,0
2023-07-17 01:05:01,0
2023-07-17 01:06:01,0
2023-07-17 01:07:01,0
2023-07-17 01:08:01,0
2023-07-17 01:09:01,0
2023-07-17 01:10:01,0
2023-07-17 01:11:01,0
2023-07-17 01:12:01,0
2023-07-17 01:13:01,0
2023-07-17 01:14:01,0
2023-07-17 01:15:01,0
2023-07-17 01:16:01,0
2023-07-17 01:17:01,0
2023-07-17 01:18:01,0
2023-07-17 01:19:01,0.015778
2023-07-17 01:20:01,0
2023-07-17 01:21:01,0.093794
2023-07-17 01:22:01,0
2023-07-17 01:23:01,0
2023-07-17 01:24:01,0
2023-07-17 01:25:01,0.3050881
2023-07-17 01:26:01,0.4279771
2023-07-17 01:27:01,0.5410796
2023-07-17 01:28:01,0.3249302
2023-07-17 01:29:01,0.3393443
2023-07-17 01:30:01,0.3393397
2023-07-17 01:31:01,0.2865938
2023-07-17 01:32:01,0.1400424
2023-07-17 01:33:01,0
2023-07-17 01:34:01,0
2023-07-17 01:35:01,0
2023-07-17 01:36:01,0
2023-07-17 01:37:01,0
2023-07-17 01:38:01,0
2023-07-17 01:39:01,0
2023-07-17 01:40:01,0.0946496
2023-07-17 01:41:01,0.0943391
2023-07-17 01:42:01,0.1669961
2023-07-17 01:43:01,0.2606843
2023-07-17 01:44:01,0.3340543
2023-07-17 01:45:01,0.3852592
2023-07-17 01:46:01,0.5460062
2023-07-17 01:47:01,0.3587379
2023-07-17 01:48:01,0.0824895
2023-07-17 01:49:01,0.0465796
2023-07-17 01:50:01,0.0654833
2023-07-17 01:51:01,0.1250993
2023-07-17 01:52:01,0
2023-07-17 01:53:01,0.08004
2023-07-17 01:54:01,0.0448063
2023-07-17 01:55:01,0.2400211
2023-07-17 01:56:01,0.1691535
2023-07-17 01:57:01,0.1868014
2023-07-17 01:58:01,0.0523135
2023-07-17 01:59:01,0
2023-07-17 02:00:01,0
2023-07-17 02:01:01,0.0601059
2023-07-17 02:02:01,0.03473
2023-07-17 02:03:01,0.4980765
2023-07-17 02:04:01,0.1203636
2023-07-17 02:05:01,0.6975417
2023-07-17 02:06:01,0.1032861
2023-07-17 02:07:01,0
2023-07-17 02:08:01,0
2023-07-17 02:09:01,0
2023-07-17 02:10:01,0
2023-07-17 02:11:01,0
2023-07-17 02:12:01,0
2023-07-17 02:13:01,0
2023-07-17 02:14:01,0
2023-07-17 02:15:01,0
2023-07-17 02:16:01,0
2023-07-17 02:17:01,0
2023-07-17 02:18:01,0
2023-07-17 02:19:01,0
2023-07-17 02:20:01,0
2023-07-17 02:21:01,0
2023-07-17 02:22:01,0
2023-07-17 02:23:01,0
2023-07-17 02:24:01,0
2023-07-17 02:25:01,0.0541029
2023-07-17 02:26:01,0
2023-07-17 02:27:01,0
2023-07-17 02:28:01,0
2023-07-17 02:29:01,0
2023-07-17 02:30:01,0
2023-07-17 02:31:01,0
2023-07-17 02:32:01,0
2023-07-17 02:33:01,0
2023-07-17 02:34:01,0
2023-07-17 02:35:01,0.0217718
2023-07-17 02:36:01,0
2023-07-17 02:37:01,0.1572142
2023-07-17 02:38:01,0.071921
2023-07-17 02:39:01,0.1849223
2023-07-17 02:40:01,0.4069919
2023-07-17 02:41:01,0.3586551
2023-07-17 02:42:01,0.3020176
2023-07-17 02:43:01,0.0465727
2023-07-17 02:44:01,0
2023-07-17 02:45:01,0
2023-07-17 02:46:01,0
2023-07-17 02:47:01,0
2023-07-17 02:48:01,0
2023-07-17 02:49:01,0
2023-07-17 02:50:01,0
2023-07-17 02:51:01,0
2023-07-17 02:52:01,0
2023-07-17 02:53:01,0
2023-07-17 02:54:01,0
2023-07-17 02:55:01,0
2023-07-17 02:56:01,0.0173581
2023-07-17 02:57:01,0.03611
2023-07-17 02:58:01,0
2023-07-17 02:59:01,0.0320873
2023-07-17 03:00:01,0
2023-07-17 03:01:01,0
2023-07-17 03:02:01,0
2023-07-17 03:03:01,0
2023-07-17 03:04:01,0.1072628
2023-07-17 03:05:01,0.2950348
2023-07-17 03:06:01,0.4250929
2023-07-17 03:07:01,0.4134503
2023-07-17 03:08:01,0.1277144
2023-07-17 03:09:01,0.4467865
2023-07-17 03:10:01,0.3406737
2023-07-17 03:11:01,0.2276701
2023-07-17 03:12:01,0.2105075
2023-07-17 03:13:01,0
2023-07-17 03:14:01,0
2023-07-17 03:15:01,0
2023-07-17 03:16:01,0
2023-07-17 03:17:01,0
2023-07-17 03:18:01,0.022011
2023-07-17 03:19:01,0.0612582
2023-07-17 03:20:01,0.1672928
2023-07-17 03:21:01,0.3601616
2023-07-17 03:22:01,0.062468
2023-07-17 03:23:01,0.1389039
2023-07-17 03:24:01,0
2023-07-17 03:25:01,0
2023-07-17 03:26:01,0
2023-07-17 03:27:01,0
2023-07-17 03:28:01,0
2023-07-17 03:29:01,0
2023-07-17 03:30:01,0
2023-07-17 03:31:01,0
2023-07-17 03:32:01,0
2023-07-17 03:33:01,0
2023-07-17 03:34:01,0
2023-07-17 03:35:01,0
2023-07-17 03:36:01,0.0212474
2023-07-17 03:37:01,0
2023-07-17 03:38:01,0
2023-07-17 03:39:01,0
2023-07-17 03:40:01,0
2023-07-17 03:41:01,0
2023-07-17 03:42:01,0
2023-07-17 03:43:01,0
2023-07-17 03:44:01,0
2023-07-17 03:45:01,0
2023-07-17 03:46:01,0
2023-07-17 03:47:01,0
2023-07-17 03:48:01,0
2023-07-17 03:49:01,0
2023-07-17 03:50:01,0
2023-07-17 03:51:01,0
2023-07-17 03:52:01,0
2023-07-17 03:53:01,0
2023-07-17 03:54:01,0
2023-07-17 03:55:01,0
2023-07-17 03:56:01,0
2023-07-17 03:57:01,0
2023-07-17 03:58:01,0
2023-07-17 03:59:01,0
2023-07-17 04:00:01,0
2023-07-17 04:01:01,0
2023-07-17 04:02:01,0
2023-07-17 04:03:01,0
2023-07-17 04:04:01,0
2023-07-17 04:05:01,0
2023-07-17 04:06:01,0
2023-07-17 04:07:01,0
2023-07-17 04:08:01,0
2023-07-17 04:09:01,0
2023-07-17 04:10:01,0
2023-07-17 04:11:01,0
2023-07-17 04:12:01,0
2023-07-17 04:13:01,0
2023-07-17 04:14:01,0
2023-07-17 04:15:01,0
2023-07-17 04:16:01,0
2023-07-17 04:17:01,0
2023-07-17 04:18:01,0
2023-07-17 04:19:01,0
2023-07-17 04:20:01,0
2023-07-17 04:21:01,0.1067384
2023-07-17 04:22:01,0.1429059
2023-07-17 04:23:01,0.0759667
2023-07-17 04:24:01,0
2023-07-17 04:25:01,0
2023-07-17 04:26:01,0.0212405
2023-07-17 04:27:01,0.0896816
2023-07-17 04:28:01,0.1544956
2023-07-17 04:29:01,0.3280444
2023-07-17 04:30:01,0.27347
2023-07-17 04:31:01,0.1254811
2023-07-17 04:32:01,0.3325432
2023-07-17 04:33:01,0.1279904
2023-07-17 04:34:01,0.0514533
2023-07-17 04:35:01,0.2923645
2023-07-17 04:36:01,0.142439
2023-07-17 04:37:01,0.1816609
2023-07-17 04:38:01,0.0499468
2023-07-17 04:39:01,0
2023-07-17 04:40:01,0.0942471
2023-07-17 04:41:01,0.2392644
2023-07-17 04:42:01,0.1759431
2023-07-17 04:43:01,0.4312776
2023-07-17 04:44:01,0.5428782
2023-07-17 04:45:01,0.4549308
2023-07-17 04:46:01,0.6792636
2023-07-17 04:47:01,0.690299
2023-07-17 04:48:01,0.6101969
2023-07-17 04:49:01,0.7707093
2023-07-17 04:50:01,0.9475149
2023-07-17 04:51:01,1.1705183
2023-07-17 04:52:01,1.4236149
2023-07-17 04:53:01,1.5834212
2023-07-17 04:54:01,1.6293867
2023-07-17 04:55:01,1.4240565
2023-07-17 04:56:01,1.1322026
2023-07-17 04:57:01,0.9497459
2023-07-17 04:58:01,0.7220045
2023-07-17 04:59:01,0.6312649
2023-07-17 05:00:01,0.7521943
2023-07-17 05:01:01,0.8649242
2023-07-17 05:02:01,1.0094723
2023-07-17 05:03:01,0.9778059
2023-07-17 05:04:01,1.1449262
2023-07-17 05:05:01,1.490216
2023-07-17 05:06:01,1.5072061
2023-07-17 05:07:01,1.3970476
2023-07-17 05:08:01,2.1260487
2023-07-17 05:09:01,2.2069627
2023-07-17 05:10:01,2.0434258
2023-07-17 05:11:01,2.0674217
2023-07-17 05:12:01,1.1593058
2023-07-17 05:13:01,0.5649674
2023-07-17 05:14:01,0.3504809
2023-07-17 05:15:01,0.3722113
2023-07-17 05:16:01,0.4121048
2023-07-17 05:17:01,0.781172
2023-07-17 05:18:01,0.8921286
2023-07-17 05:19:01,0.6554494
2023-07-17 05:20:01,1.1231291
2023-07-17 05:21:01,0.6729386
2023-07-17 05:22:01,0.4814521
2023-07-17 05:23:01,0.5649766
2023-07-17 05:24:01,0.6329071
2023-07-17 05:25:01,0.5193124
2023-07-17 05:26:01,0.834371
2023-07-17 05:27:01,0.7903927
2023-07-17 05:28:01,1.4263197
2023-07-17 05:29:01,1.03224
2023-07-17 05:30:01,1.6863899
2023-07-17 05:31:01,1.6784296
2023-07-17 05:32:01,1.1817354
2023-07-17 05:33:01,0.6974589
2023-07-17 05:34:01,1.8830468
2023-07-17 05:35:01,2.2990777
2023-07-17 05:36:01,2.4472
2023-07-17 05:37:01,1.7699995
2023-07-17 05:38:01,2.3075486
2023-07-17 05:39:01,1.7790454
2023-07-17 05:40:01,1.3700617
2023-07-17 05:41:01,1.3908399
2023-07-17 05:42:01,0
2023-07-17 05:43:01,0
2023-07-17 05:44:01,0.0247227
2023-07-17 05:45:01,1.1285939
2023-07-17 05:46:01,1.0072137
2023-07-17 05:47:01,1.6068536
2023-07-17 05:48:01,1.0013349
2023-07-17 05:49:01,1.290944
2023-07-17 05:50:01,1.8630529
2023-07-17 05:51:01,4.0321231
2023-07-17 05:52:01,3.5470623
2023-07-17 05:53:01,3.1927588
2023-07-17 05:54:01,2.9752984
2023-07-17 05:55:01,2.4562183
2023-07-17 05:56:01,2.7123072
2023-07-17 05:57:01,3.6527749
2023-07-17 05:58:01,4.1462146
2023-07-17 05:59:01,4.4205241
2023-07-17 06:00:01,4.4654776
2023-07-17 06:01:01,3.9101748
2023-07-17 06:02:01,3.9909554
2023-07-17 06:03:01,3.7718321
2023-07-17 06:04:01,3.8642507
2023-07-17 06:05:01,3.5527042
2023-07-17 06:06:01,3.1548249
2023-07-17 06:07:01,2.7325587
2023-07-17 06:08:01,2.7050967
2023-07-17 06:09:01,2.1450835
2023-07-17 06:10:01,1.493022
2023-07-17 06:11:01,1.4961822
2023-07-17 06:12:01,1.575178
2023-07-17 06:13:01,1.4815956
2023-07-17 06:14:01,1.4390088
2023-07-17 06:15:01,1.4942617
2023-07-17 06:16:01,1.3289469
2023-07-17 06:17:01,1.2088041
2023-07-17 06:18:01,1.1624568
2023-07-17 06:19:01,1.165042
2023-07-17 06:20:01,1.4849053
2023-07-17 06:21:01,1.7875278
2023-07-17 06:22:01,2.3091954
2023-07-17 06:23:01,2.8684105
2023-07-17 06:24:01,3.3396667
2023-07-17 06:25:01,3.9399897
2023-07-17 06:26:01,4.4594378
2023-07-17 06:27:01,4.4354925
2023-07-17 06:28:01,4.4822147
2023-07-17 06:29:01,4.3703772
2023-07-17 06:30:01,4.3152945
2023-07-17 06:31:01,4.0509233
2023-07-17 06:32:01,3.9421563
2023-07-17 06:33:01,3.8209808
2023-07-17 06:34:01,3.7889832
2023-07-17 06:35:01,3.3908624
2023-07-17 06:36:01,4.3776521
2023-07-17 06:37:01,4.395967
2023-07-17 06:38:01,3.7908853
2023-07-17 06:39:01,4.3187859
2023-07-17 06:40:01,4.9015806
2023-07-17 06:41:01,4.8909316
2023-07-17 06:42:01,4.877656
2023-07-17 06:43:01,4.9456762
2023-07-17 06:44:01,4.7409532
2023-07-17 06:45:01,4.9685014
2023-07-17 06:46:01,5.2792567
2023-07-17 06:47:01,5.5780819
2023-07-17 06:48:01,6.1118406
2023-07-17 06:49:01,5.8469128
2023-07-17 06:50:01,5.9323532
2023-07-17 06:51:01,5.9431494
2023-07-17 06:52:01,5.7451355
2023-07-17 06:53:01,5.3988866
2023-07-17 06:54:01,5.1710072
2023-07-17 06:55:01,5.3276487
2023-07-17 06:56:01,5.5291471
2023-07-17 06:57:01,5.6175361
2023-07-17 06:58:01,5.7746882
2023-07-17 06:59:01,5.5610113
2023-07-17 07:00:01,5.9222125
2023-07-17 07:01:01,6.1352914
2023-07-17 07:02:01,6.4485744
2023-07-17 07:03:01,6.7002059
2023-07-17 07:04:01,6.4240081
2023-07-17 07:05:01,6.2193081
2023-07-17 07:06:01,5.7904708
2023-07-17 07:07:01,5.5807821
2023-07-17 07:08:01,5.9501115
2023-07-17 07:09:01,6.2463009
2023-07-17 07:10:01,6.7697924
2023-07-17 07:11:01,7.5140379
2023-07-17 07:12:01,8.8532566
2023-07-17 07:13:01,9.9484476
2023-07-17 07:14:01,10.6169633
2023-07-17 07:15:01,11.4926538
2023-07-17 07:16:01,12.5834288
2023-07-17 07:17:01,14.5729311
2023-07-17 07:18:01,16.2890692
2023-07-17 07:19:01,18.0434862
2023-07-17 07:20:01,19.2795752
2023-07-17 07:21:01,20.5983515
2023-07-17 07:22:01,22.3733512
2023-07-17 07:23:01,23.045977
2023-07-17 07:24:01,23.713069
2023-07-17 07:25:01,26.611851
2023-07-17 07:26:01,28.487317
2023-07-17 07:27:01,28.687532
2023-07-17 07:28:01,30.357516
2023-07-17 07:29:01,32.029662
2023-07-17 07:30:01,32.752575
2023-07-17 07:31:01,31.381982
2023-07-17 07:32:01,32.453943
2023-07-17 07:33:01,36.02122
2023-07-17 07:34:01,38.0900263
2023-07-17 07:35:01,40.2219147
2023-07-17 07:36:01,44.970934
2023-07-17 07:37:01,49.790239
2023-07-17 07:38:01,51.0842167
2023-07-17 07:39:01,49.180233
2023-07-17 07:40:01,53.714959
2023-07-17 07:41:01,59.6772007
2023-07-17 07:42:01,64.239575
2023-07-17 07:43:01,64.955404
2023-07-17 07:44:01,64.3721907
2023-07-17 07:45:01,65.9524333
2023-07-17 07:46:01,65.9890723
2023-07-17 07:47:01,71.001782
2023-07-17 07:48:01,79.3787523
2023-07-17 07:49:01,84.1912263
2023-07-17 07:50:01,88.397142
2023-07-17 07:51:01,97.5553717
2023-07-17 07:52:01,104.7834667
2023-07-17 07:53:01,102.7211924
2023-07-17 07:54:01,88.7453827
2023-07-17 07:55:01,86.002543
2023-07-17 07:56:01,92.3037587
2023-07-17 07:57:01,102.239784
2023-07-17 07:58:01,116.0312027
2023-07-17 07:59:01,124.119431
2023-07-17 08:00:01,126.4363107
2023-07-17 08:01:01,112.9270583
2023-07-17 08:02:01,91.7847177
2023-07-17 08:03:01,84.5138657
2023-07-17 08:04:01,83.025653
2023-07-17 08:05:01,92.1661497
2023-07-17 08:06:01,107.8195633
2023-07-17 08:07:01,123.981822
2023-07-17 08:08:01,123.8689817
2023-07-17 08:09:01,115.6235553
2023-07-17 08:10:01,104.1056383
2023-07-17 08:11:01,96.3365833
2023-07-17 08:12:01,96.3289427
2023-07-17 08:13:01,95.8648786
2023-07-17 08:14:01,97.3209074
2023-07-17 08:15:01,99.3525963
2023-07-17 08:16:01,100.145565
2023-07-17 08:17:01,100.4693084
2023-07-17 08:18:01,106.3260606
2023-07-17 08:19:01,110.6599943
2023-07-17 08:20:01,113.1664147
2023-07-17 08:21:01,122.7807413
2023-07-17 08:22:01,120.90778
2023-07-17 08:23:01,108.6896257
2023-07-17 08:24:01,99.0974803
2023-07-17 08:25:01,93.4930036
2023-07-17 08:26:01,89.1747306
2023-07-17 08:27:01,89.475014
2023-07-17 08:28:01,92.3106794
2023-07-17 08:29:01,94.000655
2023-07-17 08:30:01,94.8511973
2023-07-17 08:31:01,96.1944663
2023-07-17 08:32:01,96.8347334
2023-07-17 08:33:01,94.8188294
2023-07-17 08:34:01,93.5723973
2023-07-17 08:35:01,94.6415293
2023-07-17 08:36:01,93.9584707
2023-07-17 08:37:01,99.835709
2023-07-17 08:38:01,108.2605423
2023-07-17 08:39:01,113.220444
2023-07-17 08:40:01,113.6975997
2023-07-17 08:41:01,115.6970357
2023-07-17 08:42:01,117.3834647
2023-07-17 08:43:01,120.8423174
2023-07-17 08:44:01,115.8725993
2023-07-17 08:45:01,116.2203846
2023-07-17 08:46:01,119.1248453
2023-07-17 08:47:01,122.3615203
2023-07-17 08:48:01,128.2191396
2023-07-17 08:49:01,133.9614967
2023-07-17 08:50:01,135.711546
2023-07-17 08:51:01,136.0539976
2023-07-17 08:52:01,141.4399973
2023-07-17 08:53:01,150.682936
2023-07-17 08:54:01,152.1119789
2023-07-17 08:55:01,145.036758
2023-07-17 08:56:01,139.301823
2023-07-17 08:57:01,134.0506033
2023-07-17 08:58:01,130.4460456
2023-07-17 08:59:01,131.431177
2023-07-17 09:00:01,136.0292726
2023-07-17 09:01:01,136.973878
2023-07-17 09:02:01,135.2534044
2023-07-17 09:03:01,140.6247623
2023-07-17 09:04:01,151.3620823
2023-07-17 09:05:01,159.6692936
2023-07-17 09:06:01,160.9578341
2023-07-17 09:07:01,159.4297003
2023-07-17 09:08:01,158.1352649
2023-07-17 09:09:01,156.1024283
2023-07-17 09:10:01,154.5937203
2023-07-17 09:11:01,152.3691051
2023-07-17 09:12:01,153.0688686
2023-07-17 09:13:01,161.2038513
2023-07-17 09:14:01,171.822328
2023-07-17 09:15:01,181.6178946
2023-07-17 09:16:01,182.7147071
2023-07-17 09:17:01,179.0666656
2023-07-17 09:18:01,174.7563759
2023-07-17 09:19:01,172.0283206
2023-07-17 09:20:01,171.2615949
2023-07-17 09:21:01,171.4860289
2023-07-17 09:22:01,172.3985056
2023-07-17 09:23:01,173.8865596
2023-07-17 09:24:01,175.1168388
2023-07-17 09:25:01,174.6797123
2023-07-17 09:26:01,176.2698403
2023-07-17 09:27:01,178.8352304
2023-07-17 09:28:01,177.2703173
2023-07-17 09:29:01,174.082883
2023-07-17 09:30:01,171.6213908
2023-07-17 09:31:01,171.9821182
2023-07-17 09:32:01,171.040512
2023-07-17 09:33:01,170.1543772
2023-07-17 09:34:01,171.6243923
2023-07-17 09:35:01,174.737003
2023-07-17 09:36:01,180.7793997
2023-07-17 09:37:01,184.716082
2023-07-17 09:38:01,190.3003992
2023-07-17 09:39:01,193.6040157
2023-07-17 09:40:01,196.9001066
2023-07-17 09:41:01,199.752171
2023-07-17 09:42:01,202.2744108
2023-07-17 09:43:01,206.2074614
2023-07-17 09:44:01,212.2745118
2023-07-17 09:45:01,222.0281931
2023-07-17 09:46:01,231.15644
2023-07-17 09:47:01,233.6611331
2023-07-17 09:48:01,228.7779847
2023-07-17 09:49:01,218.9367769
2023-07-17 09:50:01,209.3002116
2023-07-17 09:51:01,207.2990299
2023-07-17 09:52:01,209.166094
2023-07-17 09:53:01,211.4641643
2023-07-17 09:54:01,217.487011
2023-07-17 09:55:01,222.9714116
2023-07-17 09:56:01,229.5443769
2023-07-17 09:57:01,233.7536092
2023-07-17 09:58:01,233.7683131
2023-07-17 09:59:01,238.1799569
2023-07-17 10:00:01,241.3893631
2023-07-17 10:01:01,229.411085
2023-07-17 10:02:01,210.5993643
2023-07-17 10:03:01,195.0342523
2023-07-17 10:04:01,200.2128311
2023-07-17 10:05:01,228.401799
2023-07-17 10:06:01,259.1630892
2023-07-17 10:07:01,291.2671723
2023-07-17 10:08:01,315.9700808
2023-07-17 10:09:01,342.4964477
2023-07-17 10:10:01,350.9763292
2023-07-17 10:11:01,344.9372146
2023-07-17 10:12:01,342.7485369
2023-07-17 10:13:01,327.6501892
2023-07-17 10:14:01,303.7060231
2023-07-17 10:15:01,299.3222438
2023-07-17 10:16:01,325.0219792
2023-07-17 10:17:01,367.4158046
2023-07-17 10:18:01,374.6249246
2023-07-17 10:19:01,383.31892
2023-07-17 10:20:01,401.8504938
2023-07-17 10:21:01,414.2750754
2023-07-17 10:22:01,412.8695477
2023-07-17 10:23:01,405.6962962
2023-07-17 10:24:01,388.1114185
2023-07-17 10:25:01,373.3698146
2023-07-17 10:26:01,403.1596492
2023-07-17 10:27:01,440.8598761
2023-07-17 10:28:01,466.1550346
2023-07-17 10:29:01,504.7879161
2023-07-17 10:30:01,539.0298262
2023-07-17 10:31:01,563.7440162
2023-07-17 10:32:01,575.5204969
2023-07-17 10:33:01,562.9949108
2023-07-17 10:34:01,518.98028
2023-07-17 10:35:01,492.3704231
2023-07-17 10:36:01,477.8493915
2023-07-17 10:37:01,444.5601069
2023-07-17 10:38:01,430.0530777
2023-07-17 10:39:01,443.7622162
2023-07-17 10:40:01,440.8660539
2023-07-17 10:41:01,419.5227577
2023-07-17 10:42:01,419.0078061
2023-07-17 10:43:01,412.2848969
2023-07-17 10:44:01,399.0555108
2023-07-17 10:45:01,380.2210661
2023-07-17 10:46:01,356.6603146
2023-07-17 10:47:01,353.0051477
2023-07-17 10:48:01,340.8666608
2023-07-17 10:49:01,305.15549
2023-07-17 10:50:01,287.2106577
2023-07-17 10:51:01,316.37006
2023-07-17 10:52:01,337.7131446
2023-07-17 10:53:01,351.8390385
2023-07-17 10:54:01,382.43733
2023-07-17 10:55:01,400.8596492
2023-07-17 10:56:01,401.9344415
2023-07-17 10:57:01,429.5689392
2023-07-17 10:58:01,488.3647592
2023-07-17 10:59:01,519.9851615
2023-07-17 11:00:01,488.9606777
2023-07-17 11:01:01,413.3635831
2023-07-17 11:02:01,366.0714477
2023-07-17 11:03:01,324.0444723
2023-07-17 11:04:01,294.9526785
2023-07-17 11:05:01,271.3790654
2023-07-17 11:06:01,254.5193777
2023-07-17 11:07:01,250.0244877
2023-07-17 11:08:01,254.4690146
2023-07-17 11:09:01,263.3081308
2023-07-17 11:10:01,275.3311554
2023-07-17 11:11:01,286.6531354
2023-07-17 11:12:01,296.5879762
2023-07-17 11:13:01,299.0862638
2023-07-17 11:14:01,294.1115869
2023-07-17 11:15:01,284.0782877
2023-07-17 11:16:01,267.7388669
2023-07-17 11:17:01,247.9659946
2023-07-17 11:18:01,233.9594431
2023-07-17 11:19:01,240.0052254
2023-07-17 11:20:01,258.08484
2023-07-17 11:21:01,278.2169654
2023-07-17 11:22:01,305.3969808
2023-07-17 11:23:01,356.3750962
2023-07-17 11:24:01,401.7419085
2023-07-17 11:25:01,442.3056239
2023-07-17 11:26:01,433.8887739
2023-07-17 11:27:01,331.3184454
2023-07-17 11:28:01,291.8056046
2023-07-17 11:29:01,299.3157877
2023-07-17 11:30:01,273.0373677
2023-07-17 11:31:01,311.6939392
2023-07-17 11:32:01,304.8452131
2023-07-17 11:33:01,353.2461831
2023-07-17 11:34:01,373.4298262
2023-07-17 11:35:01,372.8518431
2023-07-17 11:36:01,383.6882977
2023-07-17 11:37:01,380.2916439
2023-07-17 11:38:01,393.2986315
2023-07-17 11:39:01,401.1353939
2023-07-17 11:40:01,374.4643639
2023-07-17 11:41:01,336.5005708
2023-07-17 11:42:01,309.7566492
2023-07-17 11:43:01,310.23826
2023-07-17 11:44:01,325.7593638
2023-07-17 11:45:01,342.7531346
2023-07-17 11:46:01,341.1344015
2023-07-17 11:47:01,340.4347438
2023-07-17 11:48:01,347.4060231
2023-07-17 11:49:01,358.1861139
2023-07-17 11:50:01,373.1421169
2023-07-17 11:51:01,383.5482323
2023-07-17 11:52:01,397.1564031
2023-07-17 11:53:01,414.9623108
2023-07-17 11:54:01,442.7437877
2023-07-17 11:55:01,447.1347269
2023-07-17 11:56:01,447.4176292
2023-07-17 11:57:01,462.4104092
2023-07-17 11:58:01,487.3557377
2023-07-17 11:59:01,511.0469015
2023-07-17 12:00:01,504.9454592
2023-07-17 12:01:01,495.2624431
2023-07-17 12:02:01,456.8600308
2023-07-17 12:03:01,449.1495062
2023-07-17 12:04:01,474.9304523
2023-07-17 12:05:01,490.0499623
2023-07-17 12:06:01,437.1789515
2023-07-17 12:07:01,369.4478523
2023-07-17 12:08:01,335.26571
2023-07-17 12:09:01,358.1631277
2023-07-17 12:10:01,404.3807169
2023-07-17 12:11:01,432.2771662
2023-07-17 12:12:01,456.6477408
2023-07-17 12:13:01,472.5333785
2023-07-17 12:14:01,500.6738808
2023-07-17 12:15:01,537.6401961
2023-07-17 12:16:01,518.5384684
2023-07-17 12:17:01,450.1194346
2023-07-17 12:18:01,389.2522231
2023-07-17 12:19:01,347.8517677
2023-07-17 12:20:01,303.6388861
2023-07-17 12:21:01,280.2520123
2023-07-17 12:22:01,272.6160146
2023-07-17 12:23:01,284.7905977
2023-07-17 12:24:01,307.1696046
2023-07-17 12:25:01,333.1747731
2023-07-17 12:26:01,350.1586815
2023-07-17 12:27:01,345.3583561
2023-07-17 12:28:01,324.6265954
2023-07-17 12:29:01,298.62027
2023-07-17 12:30:01,255.2707831
2023-07-17 12:31:01,213.7397383
2023-07-17 12:32:01,172.1440106
2023-07-17 12:33:01,152.9977641
2023-07-17 12:34:01,144.3860926
2023-07-17 12:35:01,141.9363143
2023-07-17 12:36:01,140.5933443
2023-07-17 12:37:01,139.0532597
2023-07-17 12:38:01,139.1842976
2023-07-17 12:39:01,140.8348167
2023-07-17 12:40:01,144.580967
2023-07-17 12:41:01,150.5332566
2023-07-17 12:42:01,157.4103739
2023-07-17 12:43:01,161.4118081
2023-07-17 12:44:01,163.6719744
2023-07-17 12:45:01,160.8142244
2023-07-17 12:46:01,152.08543
2023-07-17 12:47:01,137.3594937
2023-07-17 12:48:01,125.342525
2023-07-17 12:49:01,114.2018126
2023-07-17 12:50:01,106.9598877
2023-07-17 12:51:01,101.6999303
2023-07-17 12:52:01,94.616181
2023-07-17 12:53:01,88.4454857
2023-07-17 12:54:01,83.7278637
2023-07-17 12:55:01,84.0187953
2023-07-17 12:56:01,89.155383
2023-07-17 12:57:01,96.6731377
2023-07-17 12:58:01,109.8585593
2023-07-17 12:59:01,122.70569
2023-07-17 13:00:01,141.3866626
2023-07-17 13:01:01,161.0895459
2023-07-17 13:02:01,175.0574942
2023-07-17 13:03:01,186.4537343
2023-07-17 13:04:01,193.9525807
2023-07-17 13:05:01,201.641874
2023-07-17 13:06:01,208.3782773
2023-07-17 13:07:01,214.8620486
2023-07-17 13:08:01,228.1835934
2023-07-17 13:09:01,245.8355046
2023-07-17 13:10:01,260.79033
2023-07-17 13:11:01,279.4870254
2023-07-17 13:12:01,294.4207069
2023-07-17 13:13:01,303.5360554
2023-07-17 13:14:01,314.6749623
2023-07-17 13:15:01,330.9686177
2023-07-17 13:16:01,349.5436362
2023-07-17 13:17:01,376.9230639
2023-07-17 13:18:01,391.4089285
2023-07-17 13:19:01,402.5354108
2023-07-17 13:20:01,403.3065939
2023-07-17 13:21:01,409.1318384
2023-07-17 13:22:01,411.6245462
2023-07-17 13:23:01,409.1706877
2023-07-17 13:24:01,398.2758338
2023-07-17 13:25:01,369.9285523
2023-07-17 13:26:01,337.4757961
2023-07-17 13:27:01,310.1478539
2023-07-17 13:28:01,278.6249808
2023-07-17 13:29:01,260.7631854
2023-07-17 13:30:01,249.6403877
2023-07-17 13:31:01,245.8286092
2023-07-17 13:32:01,244.4449269
2023-07-17 13:33:01,245.6234423
2023-07-17 13:34:01,249.4377646
2023-07-17 13:35:01,253.6985169
2023-07-17 13:36:01,254.8756454
2023-07-17 13:37:01,252.0721869
2023-07-17 13:38:01,245.9544077
2023-07-17 13:39:01,241.7760069
2023-07-17 13:40:01,242.38389
2023-07-17 13:41:01,249.3358654
2023-07-17 13:42:01,256.8837777
2023-07-17 13:43:01,266.3926677
2023-07-17 13:44:01,275.7272223
2023-07-17 13:45:01,284.7650654
2023-07-17 13:46:01,296.8708785
2023-07-17 13:47:01,309.2570685
2023-07-17 13:48:01,320.5871008
2023-07-17 13:49:01,336.3660162
2023-07-17 13:50:01,348.7213908
2023-07-17 13:51:01,361.7826377
2023-07-17 13:52:01,370.4722815
2023-07-17 13:53:01,374.7983285
2023-07-17 13:54:01,379.2930092
2023-07-17 13:55:01,390.5082462
2023-07-17 13:56:01,404.6472662
2023-07-17 13:57:01,423.3488031
2023-07-17 13:58:01,439.9081292
2023-07-17 13:59:01,448.1285523
2023-07-17 14:00:01,448.98484
2023-07-17 14:01:01,449.3420392
2023-07-17 14:02:01,453.1742969
2023-07-17 14:03:01,463.3074092
2023-07-17 14:04:01,473.2956123
2023-07-17 14:05:01,490.5934454
2023-07-17 14:06:01,511.21571
2023-07-17 14:07:01,541.6099915
2023-07-17 14:08:01,577.5610385
2023-07-17 14:09:01,609.8150839
2023-07-17 14:10:01,651.1058684
2023-07-17 14:11:01,690.0464669
2023-07-17 14:12:01,721.2489201
2023-07-17 14:13:01,764.4084523
2023-07-17 14:14:01,808.3747555
2023-07-17 14:15:01,862.5924416
2023-07-17 14:16:01,906.0254369
2023-07-17 14:17:01,936.7258185
2023-07-17 14:18:01,931.2833216
2023-07-17 14:19:01,910.500287
2023-07-17 14:20:01,916.3025085
2023-07-17 14:21:01,882.1415285
2023-07-17 14:22:01,888.3411693
2023-07-17 14:23:01,895.487957
2023-07-17 14:24:01,916.1530039
2023-07-17 14:25:01,943.7118707
2023-07-17 14:26:01,967.5966922
2023-07-17 14:27:01,970.7389062
2023-07-17 14:28:01,949.9237245
2023-07-17 14:29:01,884.8166953
2023-07-17 14:30:01,845.925303
2023-07-17 14:31:01,814.8177455
2023-07-17 14:32:01,804.8116093
2023-07-17 14:33:01,815.7097269
2023-07-17 14:34:01,831.596487
2023-07-17 14:35:01,849.7892846
2023-07-17 14:36:01,857.5301669
2023-07-17 14:37:01,854.0497747
2023-07-17 14:38:01,854.0845185
2023-07-17 14:39:01,857.9513084
2023-07-17 14:40:01,855.0132792
2023-07-17 14:41:01,848.6967708
2023-07-17 14:42:01,834.0135662
2023-07-17 14:43:01,822.4708184
2023-07-17 14:44:01,818.0688254
2023-07-17 14:45:01,823.36343
2023-07-17 14:46:01,832.4148385
2023-07-17 14:47:01,841.996673
2023-07-17 14:48:01,847.3526945
2023-07-17 14:49:01,856.0625553
2023-07-17 14:50:01,875.2631462
2023-07-17 14:51:01,902.0413585
2023-07-17 14:52:01,948.2421715
2023-07-17 14:53:01,1023.29392
2023-07-17 14:54:01,1075.1588924
2023-07-17 14:55:01,1117.5840231
2023-07-17 14:56:01,1138.0721885
2023-07-17 14:57:01,1129.7457101
2023-07-17 14:58:01,1060.3154422
2023-07-17 14:59:01,959.7053922
2023-07-17 15:00:01,898.4271822
2023-07-17 15:01:01,888.8660523
2023-07-17 15:02:01,924.7219207
2023-07-17 15:03:01,1039.9737638
2023-07-17 15:04:01,1433.6026063
2023-07-17 15:05:01,1200.256909
2023-07-17 15:06:01,1605.4593814
2023-07-17 15:07:01,1641.0464902
2023-07-17 15:08:01,1631.9717091
2023-07-17 15:09:01,1538.8895131
2023-07-17 15:10:01,1279.1746769
2023-07-17 15:11:01,1144.0972662
2023-07-17 15:12:01,1134.6539147
2023-07-17 15:13:01,1029.3785884
2023-07-17 15:14:01,1004.9488808
2023-07-17 15:15:01,1403.3825383
2023-07-17 15:16:01,1505.1474298
2023-07-17 15:17:01,1537.0430846
2023-07-17 15:18:01,1560.9402594
2023-07-17 15:19:01,1559.0437139
2023-07-17 15:20:01,1471.3292602
2023-07-17 15:21:01,1437.291114
2023-07-17 15:22:01,1439.6875553
2023-07-17 15:23:01,1329.9021429
2023-07-17 15:24:01,1217.6958609
2023-07-17 15:25:01,1561.3519962
2023-07-17 15:26:01,1541.9406931
2023-07-17 15:27:01,1514.038733
2023-07-17 15:28:01,1495.0168452
2023-07-17 15:29:01,1517.8749214
2023-07-17 15:30:01,1513.0861075
2023-07-17 15:31:01,1501.1768984
2023-07-17 15:32:01,1455.3459162
2023-07-17 15:33:01,1529.3493707
2023-07-17 15:34:01,1548.4025638
2023-07-17 15:35:01,1564.9659609
2023-07-17 15:36:01,1564.6665285
2023-07-17 15:37:01,1563.8839052
2023-07-17 15:38:01,1590.4157461
2023-07-17 15:39:01,1574.8500361
2023-07-17 15:40:01,1559.6925531
2023-07-17 15:41:01,1561.2395515
2023-07-17 15:42:01,1561.2643984
2023-07-17 15:43:01,1556.5094175
2023-07-17 15:44:01,1530.0842644
2023-07-17 15:45:01,1507.0327444
2023-07-17 15:46:01,1519.1755484
2023-07-17 15:47:01,1168.9908631
2023-07-17 15:48:01,1216.4927976
2023-07-17 15:49:01,1209.8904061
2023-07-17 15:50:01,1492.1735714
2023-07-17 15:51:01,1136.21081
2023-07-17 15:52:01,1047.1695461
2023-07-17 15:53:01,986.1907685
2023-07-17 15:54:01,1158.3326562
2023-07-17 15:55:01,1182.1399171
2023-07-17 15:56:01,1346.6507015
2023-07-17 15:57:01,1605.0952339
2023-07-17 15:58:01,1588.6637947
2023-07-17 15:59:01,1613.765997
2023-07-17 16:00:01,1585.1294261
2023-07-17 16:01:01,1542.3965094
2023-07-17 16:02:01,1538.0767092
2023-07-17 16:03:01,1572.1990837
2023-07-17 16:04:01,1591.0570068
2023-07-17 16:05:01,1574.0418644
2023-07-17 16:06:01,1577.3878423
2023-07-17 16:07:01,1569.3165029
2023-07-17 16:08:01,1569.1458015
2023-07-17 16:09:01,1539.1201594
2023-07-17 16:10:01,1508.3270579
2023-07-17 16:11:01,1451.3835268
2023-07-17 16:12:01,1205.7860906
2023-07-17 16:13:01,1017.3709715
2023-07-17 16:14:01,876.3986884
2023-07-17 16:15:01,822.5834747
2023-07-17 16:16:01,753.8075223
2023-07-17 16:17:01,717.237957
2023-07-17 16:18:01,699.762787
2023-07-17 16:19:01,691.193447
2023-07-17 16:20:01,686.1574245
2023-07-17 16:21:01,680.223597
2023-07-17 16:22:01,664.9178008
2023-07-17 16:23:01,654.0627116
2023-07-17 16:24:01,644.0468878
2023-07-17 16:25:01,645.1690923
2023-07-17 16:26:01,657.054087
2023-07-17 16:27:01,688.1609407
2023-07-17 16:28:01,725.7010278
2023-07-17 16:29:01,771.1642124
2023-07-17 16:30:01,810.3691476
2023-07-17 16:31:01,837.0923278
2023-07-17 16:32:01,862.0489562
2023-07-17 16:33:01,883.4787255
2023-07-17 16:34:01,953.1549416
2023-07-17 16:35:01,951.6700616
2023-07-17 16:36:01,1090.3232547
2023-07-17 16:37:01,884.1675755
2023-07-17 16:38:01,910.0543676
2023-07-17 16:39:01,961.018867
2023-07-17 16:40:01,917.7057546
2023-07-17 16:41:01,1009.7682962
2023-07-17 16:42:01,847.4626138
2023-07-17 16:43:01,824.6058716
2023-07-17 16:44:01,838.2529262
2023-07-17 16:45:01,813.8786693
2023-07-17 16:46:01,812.293277
2023-07-17 16:47:01,809.3051308
2023-07-17 16:48:01,819.4225893
2023-07-17 16:49:01,829.5030569
2023-07-17 16:50:01,847.8370078
2023-07-17 16:51:01,872.5010831
2023-07-17 16:52:01,902.9590976
2023-07-17 16:53:01,944.4961799
2023-07-17 16:54:01,987.7508907
2023-07-17 16:55:01,983.6159024
2023-07-17 16:56:01,1071.5074469
2023-07-17 16:57:01,1025.49755
2023-07-17 16:58:01,1054.8287255
2023-07-17 16:59:01,1127.7884492
2023-07-17 17:00:01,1251.2972831
2023-07-17 17:01:01,1138.5381846
2023-07-17 17:02:01,1273.2232291
2023-07-17 17:03:01,995.3850139
2023-07-17 17:04:01,994.3893623
2023-07-17 17:05:01,1358.6317879
2023-07-17 17:06:01,1049.6581484
2023-07-17 17:07:01,1063.16005
2023-07-17 17:08:01,1066.9104645
2023-07-17 17:09:01,1108.4274724
2023-07-17 17:10:01,1039.3865508
2023-07-17 17:11:01,1031.8614338
2023-07-17 17:12:01,1031.8899331
2023-07-17 17:13:01,1035.6272215
2023-07-17 17:14:01,1054.1452115
2023-07-17 17:15:01,1085.3727945
2023-07-17 17:16:01,1198.6242793
2023-07-17 17:17:01,1277.3696599
2023-07-17 17:18:01,1477.1244621
2023-07-17 17:19:01,1363.3254209
2023-07-17 17:20:01,1296.5076425
2023-07-17 17:21:01,1520.8702275
2023-07-17 17:22:01,1323.7794302
2023-07-17 17:23:01,1400.9532461
2023-07-17 17:24:01,1277.4179507
2023-07-17 17:25:01,1459.3726021
2023-07-17 17:26:01,1433.9412054
2023-07-17 17:27:01,1416.6224193
2023-07-17 17:28:01,1399.3659609
2023-07-17 17:29:01,1396.6317623
2023-07-17 17:30:01,1411.6963138
2023-07-17 17:31:01,1409.3652891
2023-07-17 17:32:01,1407.4127317
2023-07-17 17:33:01,1408.8404061
2023-07-17 17:34:01,1410.4441156
2023-07-17 17:35:01,1406.4439625
2023-07-17 17:36:01,1408.2182377
2023-07-17 17:37:01,1334.4632568
2023-07-17 17:38:01,1227.9345409
2023-07-17 17:39:01,1124.2903677
2023-07-17 17:40:01,1046.65456
2023-07-17 17:41:01,1187.2057016
2023-07-17 17:42:01,1308.5979421
2023-07-17 17:43:01,1280.1077892
2023-07-17 17:44:01,1455.8627998
2023-07-17 17:45:01,1306.4676637
2023-07-17 17:46:01,1463.5800956
2023-07-17 17:47:01,1264.2528933
2023-07-17 17:48:01,1371.9669855
2023-07-17 17:49:01,1423.9375233
2023-07-17 17:50:01,1443.0676445
2023-07-17 17:51:01,1438.5887947
2023-07-17 17:52:01,1352.8207206
2023-07-17 17:53:01,1249.1316284
2023-07-17 17:54:01,1284.6050298
2023-07-17 17:55:01,1175.3648554
2023-07-17 17:56:01,1264.7758121
2023-07-17 17:57:01,1331.5273321
2023-07-17 17:58:01,1300.5069515
2023-07-17 17:59:01,1288.6435055
2023-07-17 18:00:01,1287.7154486
2023-07-17 18:01:01,1275.6083015
2023-07-17 18:02:01,1291.1942262
2023-07-17 18:03:01,1250.6930846
2023-07-17 18:04:01,1263.303497
2023-07-17 18:05:01,1244.1194707
2023-07-17 18:06:01,1289.2346492
2023-07-17 18:07:01,1283.1293452
2023-07-17 18:08:01,1276.8592347
2023-07-17 18:09:01,1254.4110714
2023-07-17 18:10:01,1243.802349
2023-07-17 18:11:01,1269.2371152
2023-07-17 18:12:01,1309.6060183
2023-07-17 18:13:01,1341.5934822
2023-07-17 18:14:01,1356.5140008
2023-07-17 18:15:01,1354.7158631
2023-07-17 18:16:01,1350.2639647
2023-07-17 18:17:01,1319.8943898
2023-07-17 18:18:01,1284.7280039
2023-07-17 18:19:01,1282.7204167
2023-07-17 18:20:01,1259.1803721
2023-07-17 18:21:01,1136.0415093
2023-07-17 18:22:01,775.0740284
2023-07-17 18:23:01,748.1534024
2023-07-17 18:24:01,609.4261608
2023-07-17 18:25:01,598.8954199
2023-07-17 18:26:01,626.3288585
2023-07-17 18:27:01,664.4387522
2023-07-17 18:28:01,670.4370855
2023-07-17 18:29:01,641.3283407
2023-07-17 18:30:01,590.2018431
2023-07-17 18:31:01,569.7960108
2023-07-17 18:32:01,587.9556792
2023-07-17 18:33:01,623.8780176
2023-07-17 18:34:01,646.899357
2023-07-17 18:35:01,670.58294
2023-07-17 18:36:01,731.4508185
2023-07-17 18:37:01,782.5018623
2023-07-17 18:38:01,784.1587777
2023-07-17 18:39:01,766.0149724
2023-07-17 18:40:01,755.6247523
2023-07-17 18:41:01,708.7061001
2023-07-17 18:42:01,622.6385246
2023-07-17 18:43:01,553.8590992
2023-07-17 18:44:01,501.92555
2023-07-17 18:45:01,477.7548454
2023-07-17 18:46:01,466.7321046
2023-07-17 18:47:01,457.5833785
2023-07-17 18:48:01,461.7038377
2023-07-17 18:49:01,473.0347831
2023-07-17 18:50:01,485.1633754
2023-07-17 18:51:01,493.8283839
2023-07-17 18:52:01,504.3718277
2023-07-17 18:53:01,513.2065923
2023-07-17 18:54:01,518.8829969
2023-07-17 18:55:01,532.2400261
2023-07-17 18:56:01,565.9883562
2023-07-17 18:57:01,584.6609062
2023-07-17 18:58:01,587.2265769
2023-07-17 18:59:01,582.8905985
2023-07-17 19:00:01,582.64865
2023-07-17 19:01:01,578.4076754
2023-07-17 19:02:01,560.5675138
2023-07-17 19:03:01,551.4864169
2023-07-17 19:04:01,557.8210677
2023-07-17 19:05:01,545.1439392
2023-07-17 19:06:01,520.9541423
2023-07-17 19:07:01,491.38695
2023-07-17 19:08:01,472.6026223
2023-07-17 19:09:01,465.7067623
2023-07-17 19:10:01,473.5541231
2023-07-17 19:11:01,470.1687692
2023-07-17 19:12:01,465.5811915
2023-07-17 19:13:01,482.4613239
2023-07-17 19:14:01,499.2600685
2023-07-17 19:15:01,503.1084354
2023-07-17 19:16:01,479.4584715
2023-07-17 19:17:01,441.4944346
2023-07-17 19:18:01,396.5425515
2023-07-17 19:19:01,368.2021838
2023-07-17 19:20:01,359.7956861
2023-07-17 19:21:01,371.6657308
2023-07-17 19:22:01,414.3491262
2023-07-17 19:23:01,476.7078831
2023-07-17 19:24:01,550.4682
2023-07-17 19:25:01,571.63809
2023-07-17 19:26:01,559.8648385
2023-07-17 19:27:01,540.8374054
2023-07-17 19:28:01,537.5196439
2023-07-17 19:29:01,550.3467692
2023-07-17 19:30:01,573.8042369
2023-07-17 19:31:01,594.0000585
2023-07-17 19:32:01,601.2039115
2023-07-17 19:33:01,580.0130708
2023-07-17 19:34:01,538.0675154
2023-07-17 19:35:01,491.5856585
2023-07-17 19:36:01,444.8223023
2023-07-17 19:37:01,419.4641146
2023-07-17 19:38:01,405.7781739
2023-07-17 19:39:01,395.2193569
2023-07-17 19:40:01,376.9741262
2023-07-17 19:41:01,369.5874623
2023-07-17 19:42:01,376.5700415
2023-07-17 19:43:01,400.5571992
2023-07-17 19:44:01,440.9141331
2023-07-17 19:45:01,473.12196
2023-07-17 19:46:01,492.3400654
2023-07-17 19:47:01,496.21419
2023-07-17 19:48:01,491.9230639
2023-07-17 19:49:01,481.5586038
2023-07-17 19:50:01,472.7111708
2023-07-17 19:51:01,464.5128231
2023-07-17 19:52:01,451.3039323
2023-07-17 19:53:01,433.7036469
2023-07-17 19:54:01,413.3235746
2023-07-17 19:55:01,403.6267677
2023-07-17 19:56:01,400.2689977
2023-07-17 19:57:01,402.0616246
2023-07-17 19:58:01,401.9112069
2023-07-17 19:59:01,393.3639446
2023-07-17 20:00:01,378.1533615
2023-07-17 20:01:01,364.96837
2023-07-17 20:02:01,353.9704784
2023-07-17 20:03:01,348.6556223
2023-07-17 20:04:01,344.8951361
2023-07-17 20:05:01,342.1302992
2023-07-17 20:06:01,338.6195838
2023-07-17 20:07:01,333.3778677
2023-07-17 20:08:01,329.2344223
2023-07-17 20:09:01,327.9919462
2023-07-17 20:10:01,326.1443585
2023-07-17 20:11:01,320.6761039
2023-07-17 20:12:01,309.2034785
2023-07-17 20:13:01,295.68087
2023-07-17 20:14:01,288.7436169
2023-07-17 20:15:01,287.1876531
2023-07-17 20:16:01,290.1638669
2023-07-17 20:17:01,294.7999792
2023-07-17 20:18:01,297.7607531
2023-07-17 20:19:01,298.5457615
2023-07-17 20:20:01,298.3723231
2023-07-17 20:21:01,299.6049
2023-07-17 20:22:01,300.2594961
2023-07-17 20:23:01,299.1425908
2023-07-17 20:24:01,298.2368554
2023-07-17 20:25:01,299.1014254
2023-07-17 20:26:01,303.1659785
2023-07-17 20:27:01,307.6795031
2023-07-17 20:28:01,313.1480038
2023-07-17 20:29:01,317.7058908
2023-07-17 20:30:01,319.8000569
2023-07-17 20:31:01,321.0843654
2023-07-17 20:32:01,322.1637554
2023-07-17 20:33:01,324.7489738
2023-07-17 20:34:01,327.4084523
2023-07-17 20:35:01,327.0020515
2023-07-17 20:36:01,322.9029639
2023-07-17 20:37:01,317.1787239
2023-07-17 20:38:01,315.1096508
2023-07-17 20:39:01,315.3506862
2023-07-17 20:40:01,313.3478715
2023-07-17 20:41:01,306.7185608
2023-07-17 20:42:01,298.0991061
2023-07-17 20:43:01,291.5776769
2023-07-17 20:44:01,285.20644
2023-07-17 20:45:01,278.5362077
2023-07-17 20:46:01,270.7484054
2023-07-17 20:47:01,258.7019369
2023-07-17 20:48:01,250.6712569
2023-07-17 20:49:01,254.21647
2023-07-17 20:50:01,264.7971692
2023-07-17 20:51:01,273.9847446
2023-07-17 20:52:01,282.0241646
2023-07-17 20:53:01,284.6033823
2023-07-17 20:54:01,284.4955169
2023-07-17 20:55:01,284.6617977
2023-07-17 20:56:01,286.3447192
2023-07-17 20:57:01,290.9132023
2023-07-17 20:58:01,298.4691508
2023-07-17 20:59:01,306.0198162
2023-07-17 21:00:01,316.5547661
2023-07-17 21:01:01,323.9476446
2023-07-17 21:02:01,325.9739354
2023-07-17 21:03:01,321.85832
2023-07-17 21:04:01,312.8163185
2023-07-17 21:05:01,300.9655777
2023-07-17 21:06:01,290.13465
2023-07-17 21:07:01,277.90946
2023-07-17 21:08:01,269.8748677
2023-07-17 21:09:01,263.6276031
2023-07-17 21:10:01,260.6826946
2023-07-17 21:11:01,260.7445669
2023-07-17 21:12:01,262.5877846
2023-07-17 21:13:01,265.5285531
2023-07-17 21:14:01,267.70114
2023-07-17 21:15:01,269.2927423
2023-07-17 21:16:01,268.7469431
2023-07-17 21:17:01,265.52994
2023-07-17 21:18:01,258.8130131
2023-07-17 21:19:01,251.3716
2023-07-17 21:20:01,246.3872723
2023-07-17 21:21:01,242.4223023
2023-07-17 21:22:01,239.9847646
2023-07-17 21:23:01,237.7079969
2023-07-17 21:24:01,233.7570477
2023-07-17 21:25:01,230.5864931
2023-07-17 21:26:01,229.1504329
2023-07-17 21:27:01,227.8663337
2023-07-17 21:28:01,226.0508057
2023-07-17 21:29:01,222.0013084
2023-07-17 21:30:01,215.9964661
2023-07-17 21:31:01,210.486938
2023-07-17 21:32:01,203.4535587
2023-07-17 21:33:01,198.0721107
2023-07-17 21:34:01,191.794332
2023-07-17 21:35:01,185.252074
2023-07-17 21:36:01,179.2052222
2023-07-17 21:37:01,170.104435
2023-07-17 21:38:01,157.7671683
2023-07-17 21:39:01,149.5029831
2023-07-17 21:40:01,146.1771946
2023-07-17 21:41:01,143.765433
2023-07-17 21:42:01,140.9359523
2023-07-17 21:43:01,135.9864213
2023-07-17 21:44:01,132.4260466
2023-07-17 21:45:01,133.093548
2023-07-17 21:46:01,135.984464
2023-07-17 21:47:01,137.1084763
2023-07-17 21:48:01,136.2638657
2023-07-17 21:49:01,134.7848737
2023-07-17 21:50:01,134.0872607
2023-07-17 21:51:01,134.752929
2023-07-17 21:52:01,136.9155937
2023-07-17 21:53:01,138.875932
2023-07-17 21:54:01,140.6242103
2023-07-17 21:55:01,141.0079837
2023-07-17 21:56:01,140.2996044
2023-07-17 21:57:01,138.3690603
2023-07-17 21:58:01,135.848603
2023-07-17 21:59:01,133.45244
2023-07-17 22:00:01,130.2598123
2023-07-17 22:01:01,127.249984
2023-07-17 22:02:01,124.764489
2023-07-17 22:03:01,122.3936927
2023-07-17 22:04:01,122.2645086
2023-07-17 22:05:01,124.6930694
2023-07-17 22:06:01,129.879643
2023-07-17 22:07:01,134.8468173
2023-07-17 22:08:01,136.3249767
2023-07-17 22:09:01,134.7635803
2023-07-17 22:10:01,132.085895
2023-07-17 22:11:01,129.5019393
2023-07-17 22:12:01,128.36346
2023-07-17 22:13:01,127.9082647
2023-07-17 22:14:01,127.3216313
2023-07-17 22:15:01,126.7699694
2023-07-17 22:16:01,126.776874
2023-07-17 22:17:01,127.679831
2023-07-17 22:18:01,128.450584
2023-07-17 22:19:01,128.2839697
2023-07-17 22:20:01,126.6646133
2023-07-17 22:21:01,124.1661854
2023-07-17 22:22:01,121.9187243
2023-07-17 22:23:01,119.357764
2023-07-17 22:24:01,116.9025117
2023-07-17 22:25:01,115.1058644
2023-07-17 22:26:01,112.724426
2023-07-17 22:27:01,109.8806163
2023-07-17 22:28:01,107.0023963
2023-07-17 22:29:01,103.2505604
2023-07-17 22:30:01,99.62841
2023-07-17 22:31:01,97.1496954
2023-07-17 22:32:01,94.8201473
2023-07-17 22:33:01,92.702098
2023-07-17 22:34:01,90.4314184
2023-07-17 22:35:01,86.1767657
2023-07-17 22:36:01,82.228036
2023-07-17 22:37:01,77.7696263
2023-07-17 22:38:01,73.4571447
2023-07-17 22:39:01,71.1178653
2023-07-17 22:40:01,69.4511933
2023-07-17 22:41:01,68.1724807
2023-07-17 22:42:01,66.4186847
2023-07-17 22:43:01,64.5643603
2023-07-17 22:44:01,63.1669263
2023-07-17 22:45:01,61.9942667
2023-07-17 22:46:01,61.1726883
2023-07-17 22:47:01,60.2251297
2023-07-17 22:48:01,59.4047013
2023-07-17 22:49:01,58.855896
2023-07-17 22:50:01,58.396402
2023-07-17 22:51:01,57.676525
2023-07-17 22:52:01,56.295651
2023-07-17 22:53:01,55.2808473
2023-07-17 22:54:01,54.6885697
2023-07-17 22:55:01,53.8186867
2023-07-17 22:56:01,52.768831
2023-07-17 22:57:01,51.403229
2023-07-17 22:58:01,49.374238
2023-07-17 22:59:01,47.520944
2023-07-17 23:00:01,46.225101
2023-07-17 23:01:01,45.0443477
2023-07-17 23:02:01,44.3371713
2023-07-17 23:03:01,43.934922
2023-07-17 23:04:01,43.439847
2023-07-17 23:05:01,43.0470047
2023-07-17 23:06:01,42.8919847
2023-07-17 23:07:01,42.9423547
2023-07-17 23:08:01,42.7926753
2023-07-17 23:09:01,42.0518407
2023-07-17 23:10:01,41.085613
2023-07-17 23:11:01,40.432367
2023-07-17 23:12:01,39.9336557
2023-07-17 23:13:01,39.6347017
2023-07-17 23:14:01,39.384073
2023-07-17 23:15:01,39.2916107
2023-07-17 23:16:01,39.146897
2023-07-17 23:17:01,39.0005273
2023-07-17 23:18:01,39.246027
2023-07-17 23:19:01,39.751314
2023-07-17 23:20:01,39.9647333
2023-07-17 23:21:01,39.983338
2023-07-17 23:22:01,39.4389487
2023-07-17 23:23:01,38.379364
2023-07-17 23:24:01,37.0538257
2023-07-17 23:25:01,36.255981
2023-07-17 23:26:01,35.596479
2023-07-17 23:27:01,34.847323
2023-07-17 23:28:01,33.723566
2023-07-17 23:29:01,32.647212
2023-07-17 23:30:01,31.1811
2023-07-17 23:31:01,29.924518
2023-07-17 23:32:01,29.275987
2023-07-17 23:33:01,28.854443
2023-07-17 23:34:01,28.433727
2023-07-17 23:35:01,27.805459
2023-07-17 23:36:01,26.893601
2023-07-17 23:37:01,26.094305
2023-07-17 23:38:01,25.409641
2023-07-17 23:39:01,24.727576
2023-07-17 23:40:01,24.270244
2023-07-17 23:41:01,23.645242
2023-07-17 23:42:01,23.079212
2023-07-17 23:43:01,22.2307558
2023-07-17 23:44:01,21.1127626
2023-07-17 23:45:01,20.3765993
2023-07-17 23:46:01,19.9056168
2023-07-17 23:47:01,19.0773891
2023-07-17 23:48:01,18.2631201
2023-07-17 23:49:01,17.6355214
2023-07-17 23:50:01,17.0663082
2023-07-17 23:51:01,16.6102826
2023-07-17 23:52:01,16.2051629
2023-07-17 23:53:01,15.8794415
2023-07-17 23:54:01,15.2794129
2023-07-17 23:55:01,14.7193859
2023-07-17 23:56:01,14.1419318
2023-07-17 23:57:01,13.4974304
2023-07-17 23:58:01,12.724152
2023-07-17 23:59:01,12.1036787
2023-07-18 00:00:01,11.2080288
2023-07-18 00:01:01,10.5285122
2023-07-18 00:02:01,10.0902541
2023-07-18 00:03:01,9.8092424
2023-07-18 00:04:01,9.3498887
2023-07-18 00:05:01,8.9878342
2023-07-18 00:06:01,8.6020368
2023-07-18 00:07:01,8.0249645
2023-07-18 00:08:01,7.603616
2023-07-18 00:09:01,6.7478941
2023-07-18 00:10:01,6.2073113
2023-07-18 00:11:01,5.5890391
2023-07-18 00:12:01,5.1760511
2023-07-18 00:13:01,4.7304491
2023-07-18 00:14:01,4.5869222
2023-07-18 00:15:01,4.5325893
2023-07-18 00:16:01,4.3101724
2023-07-18 00:17:01,4.2860362
2023-07-18 00:18:01,4.1727152
2023-07-18 00:19:01,4.0129135
2023-07-18 00:20:01,4.0731735
2023-07-18 00:21:01,3.9108487
2023-07-18 00:22:01,3.7346733
2023-07-18 00:23:01,3.3478662
2023-07-18 00:24:01,3.0964348
2023-07-18 00:25:01,2.8960519
2023-07-18 00:26:01,2.7329704
2023-07-18 00:27:01,2.5765106
2023-07-18 00:28:01,2.3851851
2023-07-18 00:29:01,2.1730377
2023-07-18 00:30:01,1.9866779
2023-07-18 00:31:01,1.8063855
2023-07-18 00:32:01,1.5724249
2023-07-18 00:33:01,1.2815439
2023-07-18 00:34:01,1.0995909
2023-07-18 00:35:01,0.9306559
2023-07-18 00:36:01,0.7891921
2023-07-18 00:37:01,0.6866282
2023-07-18 00:38:01,0.7112796
2023-07-18 00:39:01,0.6253746
2023-07-18 00:40:01,0.6020158
2023-07-18 00:41:01,0.4076405
2023-07-18 00:42:01,0.1094961
2023-07-18 00:43:01,0
2023-07-18 00:44:01,0
2023-07-18 00:45:01,0
2023-07-18 00:46:01,0
2023-07-18 00:47:01,0
2023-07-18 00:48:01,0
2023-07-18 00:49:01,0
2023-07-18 00:50:01,0
2023-07-18 00:51:01,0
2023-07-18 00:52:01,0
2023-07-18 00:53:01,0
2023-07-18 00:54:01,0
2023-07-18 00:55:01,0
2023-07-18 00:56:01,0
2023-07-18 00:57:01,0
2023-07-18 00:58:01,0
2023-07-18 00:59:01,0
2023-07-18 01:00:01,0
2023-07-18 01:01:01,0
2023-07-18 01:02:01,0
2023-07-18 01:03:01,0
2023-07-18 01:04:01,0
2023-07-18 01:05:01,0
2023-07-18 01:06:01,0
2023-07-18 01:07:01,0
2023-07-18 01:08:01,0
2023-07-18 01:09:01,0
2023-07-18 01:10:01,0
2023-07-18 01:11:01,0
2023-07-18 01:12:01,0
2023-07-18 01:13:01,0
2023-07-18 01:14:01,0
2023-07-18 01:15:01,0
2023-07-18 01:16:01,0
2023-07-18 01:17:01,0
2023-07-18 01:18:01,0
2023-07-18 01:19:01,0
2023-07-18 01:20:01,0
2023-07-18 01:21:01,0
2023-07-18 01:22:01,0
2023-07-18 01:23:01,0
2023-07-18 01:24:01,0
2023-07-18 01:25:01,0
2023-07-18 01:26:01,0
2023-07-18 01:27:01,0
2023-07-18 01:28:01,0
2023-07-18 01:29:01,0
2023-07-18 01:30:01,0
2023-07-18 01:31:01,0
2023-07-18 01:32:01,0
2023-07-18 01:33:01,0
2023-07-18 01:34:01,0
2023-07-18 01:35:01,0
2023-07-18 01:36:01,0
2023-07-18 01:37:01,0
2023-07-18 01:38:01,0
2023-07-18 01:39:01,0
2023-07-18 01:40:01,0
2023-07-18 01:41:01,0
2023-07-18 01:42:01,0
2023-07-18 01:43:01,0
2023-07-18 01:44:01,0
2023-07-18 01:45:01,0
2023-07-18 01:46:01,0
2023-07-18 01:47:01,0
2023-07-18 01:48:01,0
2023-07-18 01:49:01,0
2023-07-18 01:50:01,0
2023-07-18 01:51:01,0
2023-07-18 01:52:01,0
2023-07-18 01:53:01,0
2023-07-18 01:54:01,0
2023-07-18 01:55:01,0
2023-07-18 01:56:01,0
2023-07-18 01:57:01,0
2023-07-18 01:58:01,0
2023-07-18 01:59:01,0
2023-07-18 02:00:01,0
2023-07-18 02:01:01,0
2023-07-18 02:02:01,0
2023-07-18 02:03:01,0
2023-07-18 02:04:01,0
2023-07-18 02:05:01,0
2023-07-18 02:06:01,0
2023-07-18 02:07:01,0
2023-07-18 02:08:01,0
2023-07-18 02:09:01,0
2023-07-18 02:10:01,0
2023-07-18 02:11:01,0
2023-07-18 02:12:01,0
2023-07-18 02:13:01,0
2023-07-18 02:14:01,0
2023-07-18 02:15:01,0
2023-07-18 02:16:01,0
2023-07-18 02:17:01,0
2023-07-18 02:18:01,0
2023-07-18 02:19:01,0
2023-07-18 02:20:01,0
2023-07-18 02:21:01,0
2023-07-18 02:22:01,0
2023-07-18 02:23:01,0
2023-07-18 02:24:01,0
2023-07-18 02:25:01,0
2023-07-18 02:26:01,0
2023-07-18 02:27:01,0
2023-07-18 02:28:01,0
2023-07-18 02:29:01,0
2023-07-18 02:30:01,0
2023-07-18 02:31:01,0
2023-07-18 02:32:01,0
2023-07-18 02:33:01,0
2023-07-18 02:34:01,0
2023-07-18 02:35:01,0
2023-07-18 02:36:01,0
2023-07-18 02:37:01,0
2023-07-18 02:38:01,0
2023-07-18 02:39:01,0
2023-07-18 02:40:01,0
2023-07-18 02:41:01,0
2023-07-18 02:42:01,0
2023-07-18 02:43:01,0
2023-07-18 02:44:01,0
2023-07-18 02:45:01,0
2023-07-18 02:46:01,0
2023-07-18 02:47:01,0
2023-07-18 02:48:01,0
2023-07-18 02:49:01,0
2023-07-18 02:50:01,0
2023-07-18 02:51:01,0
2023-07-18 02:52:01,0
2023-07-18 02:53:01,0
2023-07-18 02:54:01,0
2023-07-18 02:55:01,0
2023-07-18 02:56:01,0
2023-07-18 02:57:01,0
2023-07-18 02:58:01,0
2023-07-18 02:59:01,0
2023-07-18 03:00:01,0
2023-07-18 03:01:01,0
2023-07-18 03:02:01,0
2023-07-18 03:03:01,0
2023-07-18 03:04:01,0
2023-07-18 03:05:01,0
2023-07-18 03:06:01,0
2023-07-18 03:07:01,0
2023-07-18 03:08:01,0
2023-07-18 03:09:01,0
2023-07-18 03:10:01,0
2023-07-18 03:11:01,0
2023-07-18 03:12:01,0
2023-07-18 03:13:01,0
2023-07-18 03:14:01,0
2023-07-18 03:15:01,0
2023-07-18 03:16:01,0
2023-07-18 03:17:01,0
2023-07-18 03:18:01,0
2023-07-18 03:19:01,0
2023-07-18 03:20:01,0
2023-07-18 03:21:01,0
2023-07-18 03:22:01,0
2023-07-18 03:23:01,0
2023-07-18 03:24:01,0
2023-07-18 03:25:01,0
2023-07-18 03:26:01,0
2023-07-18 03:27:01,0
2023-07-18 03:28:01,0
2023-07-18 03:29:01,0
2023-07-18 03:30:01,0
2023-07-18 03:31:01,0
2023-07-18 03:32:01,0
2023-07-18 03:33:01,0
2023-07-18 03:34:01,0
2023-07-18 03:35:01,0
2023-07-18 03:36:01,0
2023-07-18 03:37:01,0
2023-07-18 03:38:01,0
2023-07-18 03:39:01,0
2023-07-18 03:40:01,0
2023-07-18 03:41:01,0
2023-07-18 03:42:01,0
2023-07-18 03:43:01,0
2023-07-18 03:44:01,0
2023-07-18 03:45:01,0
2023-07-18 03:46:01,0
2023-07-18 03:47:01,0
2023-07-18 03:48:01,0
2023-07-18 03:49:01,0
2023-07-18 03:50:01,0
2023-07-18 03:51:01,0
2023-07-18 03:52:01,0
2023-07-18 03:53:01,0
2023-07-18 03:54:01,0
2023-07-18 03:55:01,0
2023-07-18 03:56:01,0
2023-07-18 03:57:01,0
2023-07-18 03:58:01,0
2023-07-18 03:59:01,0
2023-07-18 04:00:01,0
2023-07-18 04:01:01,0
2023-07-18 04:02:01,0
2023-07-18 04:03:01,0
2023-07-18 04:04:01,0
2023-07-18 04:05:01,0
2023-07-18 04:06:01,0
2023-07-18 04:07:01,0
2023-07-18 04:08:01,0
2023-07-18 04:09:01,0
2023-07-18 04:10:01,0
2023-07-18 04:11:01,0
2023-07-18 04:12:01,0
2023-07-18 04:13:01,0
2023-07-18 04:14:01,0
2023-07-18 04:15:01,0
2023-07-18 04:16:01,0
2023-07-18 04:17:01,0
2023-07-18 04:18:01,0
2023-07-18 04:19:01,0
2023-07-18 04:20:01,0
2023-07-18 04:21:01,0
2023-07-18 04:22:01,0
2023-07-18 04:23:01,0
2023-07-18 04:24:01,0
2023-07-18 04:25:01,0
2023-07-18 04:26:01,0
2023-07-18 04:27:01,0
2023-07-18 04:28:01,0
2023-07-18 04:29:01,0
2023-07-18 04:30:01,0
2023-07-18 04:31:01,0
2023-07-18 04:32:01,0
2023-07-18 04:33:01,0
2023-07-18 04:34:01,0
2023-07-18 04:35:01,0
2023-07-18 04:36:01,0
2023-07-18 04:37:01,0
2023-07-18 04:38:01,0
2023-07-18 04:39:01,0
2023-07-18 04:40:01,0
2023-07-18 04:41:01,0
2023-07-18 04:42:01,0
2023-07-18 04:43:01,0
2023-07-18 04:44:01,0
2023-07-18 04:45:01,0
2023-07-18 04:46:01,0
2023-07-18 04:47:01,0
2023-07-18 04:48:01,0
2023-07-18 04:49:01,0
2023-07-18 04:50:01,0
2023-07-18 04:51:01,0
2023-07-18 04:52:01,0
2023-07-18 04:53:01,0
2023-07-18 04:54:01,0
2023-07-18 04:55:01,0
2023-07-18 04:56:01,0
2023-07-18 04:57:01,0
2023-07-18 04:58:01,0
2023-07-18 04:59:01,0
2023-07-18 05:00:02,0
2023-07-18 05:01:02,0
2023-07-18 05:02:02,0
2023-07-18 05:03:02,0
2023-07-18 05:04:02,0
2023-07-18 05:05:02,0
2023-07-18 05:06:02,0
2023-07-18 05:07:02,0
2023-07-18 05:08:02,0
2023-07-18 05:09:02,0
2023-07-18 05:10:02,0
2023-07-18 05:11:02,0
2023-07-18 05:12:02,0
2023-07-18 05:13:02,0
2023-07-18 05:14:02,0
2023-07-18 05:15:02,0
2023-07-18 05:16:02,0
2023-07-18 05:17:02,0
2023-07-18 05:18:02,0
2023-07-18 05:19:02,0
2023-07-18 05:20:02,0
2023-07-18 05:21:02,0
2023-07-18 05:22:02,0
2023-07-18 05:23:02,0
2023-07-18 05:24:02,0
2023-07-18 05:25:02,0
2023-07-18 05:26:02,0
2023-07-18 05:27:02,0
2023-07-18 05:28:02,0
2023-07-18 05:29:02,0
2023-07-18 05:30:02,0
2023-07-18 05:31:02,0
2023-07-18 05:32:02,0
2023-07-18 05:33:02,0
2023-07-18 05:34:02,0
2023-07-18 05:35:02,0
2023-07-18 05:36:02,0
2023-07-18 05:37:02,0
2023-07-18 05:38:02,0
2023-07-18 05:39:02,0
2023-07-18 05:40:02,0
2023-07-18 05:41:02,0
2023-07-18 05:42:02,0
2023-07-18 05:43:02,0
2023-07-18 05:44:02,0
2023-07-18 05:45:02,0
2023-07-18 05:46:02,0
2023-07-18 05:47:02,0
2023-07-18 05:48:02,0
2023-07-18 05:49:02,0
2023-07-18 05:50:02,0
2023-07-18 05:51:02,0
2023-07-18 05:52:02,0
2023-07-18 05:53:02,0
2023-07-18 05:54:02,0
2023-07-18 05:55:02,0.4341848
2023-07-18 05:56:02,0.7450413
2023-07-18 05:57:02,1.2648321
2023-07-18 05:58:02,1.5935481
2023-07-18 05:59:02,1.9045334
2023-07-18 06:00:02,2.2032137
2023-07-18 06:01:02,2.4120514
2023-07-18 06:02:02,2.4817966
2023-07-18 06:03:02,2.8170929
2023-07-18 06:04:02,3.3016776
2023-07-18 06:05:02,3.5560277
2023-07-18 06:06:02,4.1150358
2023-07-18 06:07:02,4.5740031
2023-07-18 06:08:02,5.176472
2023-07-18 06:09:02,5.5113014
2023-07-18 06:10:02,5.9180012
2023-07-18 06:11:02,6.3288456
2023-07-18 06:12:02,6.8148471
2023-07-18 06:13:02,7.1716898
2023-07-18 06:14:02,7.6311102
2023-07-18 06:15:02,7.9276331
2023-07-18 06:16:02,8.3338844
2023-07-18 06:17:02,8.906681
2023-07-18 06:18:02,9.4290708
2023-07-18 06:19:02,10.2216485
2023-07-18 06:20:02,10.8727072
2023-07-18 06:21:02,12.2508764
2023-07-18 06:22:02,12.9650264
2023-07-18 06:23:02,14.0505965
2023-07-18 06:24:02,15.1833833
2023-07-18 06:25:02,15.0546569
2023-07-18 06:26:02,15.5004866
2023-07-18 06:27:02,16.6994375
2023-07-18 06:28:02,17.5604954
2023-07-18 06:29:02,19.6806078
2023-07-18 06:30:02,21.2257777
2023-07-18 06:31:02,22.3282413
2023-07-18 06:32:02,23.752905
2023-07-18 06:33:02,24.724724
2023-07-18 06:34:02,25.675268
2023-07-18 06:35:02,26.832122
2023-07-18 06:36:02,27.937157
2023-07-18 06:37:02,29.070206
2023-07-18 06:38:02,30.237962
2023-07-18 06:39:02,31.273261
2023-07-18 06:40:02,31.98564
2023-07-18 06:41:02,33.172739
2023-07-18 06:42:02,33.822811
2023-07-18 06:43:02,35.329863
2023-07-18 06:44:02,36.192248
2023-07-18 06:45:02,37.0131203
2023-07-18 06:46:02,38.130849
2023-07-18 06:47:02,39.403784
2023-07-18 06:48:02,40.423558
2023-07-18 06:49:02,40.946003
2023-07-18 06:50:02,41.828996
2023-07-18 06:51:02,43.054068
2023-07-18 06:52:02,43.8827097
2023-07-18 06:53:02,44.9409397
2023-07-18 06:54:02,45.9529903
2023-07-18 06:55:02,46.6844087
2023-07-18 06:56:02,47.1713417
2023-07-18 06:57:02,47.7373487
2023-07-18 06:58:02,46.3199553
2023-07-18 06:59:02,44.1105753
2023-07-18 07:00:02,43.308425
2023-07-18 07:01:02,41.98627
2023-07-18 07:02:02,41.469529
2023-07-18 07:03:02,41.0702283
2023-07-18 07:04:02,40.2266803
2023-07-18 07:05:02,40.4334963
2023-07-18 07:06:02,40.528024
2023-07-18 07:07:02,40.692244
2023-07-18 07:08:02,41.149829
2023-07-18 07:09:02,41.23532
2023-07-18 07:10:02,41.507663
2023-07-18 07:11:02,42.341965
2023-07-18 07:12:02,42.9904983
2023-07-18 07:13:02,44.5704143
2023-07-18 07:14:02,45.578433
2023-07-18 07:15:02,45.8494903
2023-07-18 07:16:02,45.9129473
2023-07-18 07:17:02,45.987327
2023-07-18 07:18:02,45.836447
2023-07-18 07:19:02,46.356546
2023-07-18 07:20:02,46.82616
2023-07-18 07:21:02,47.2504157
2023-07-18 07:22:02,48.2179337
2023-07-18 07:23:02,49.307124
2023-07-18 07:24:02,50.141932
2023-07-18 07:25:02,51.073018
2023-07-18 07:26:02,51.9953203
2023-07-18 07:27:02,52.981512
2023-07-18 07:28:02,55.010526
2023-07-18 07:29:02,53.8253107
2023-07-18 07:30:02,56.7355467
2023-07-18 07:31:02,57.6060047
2023-07-18 07:32:02,58.358245
2023-07-18 07:33:02,59.182565
2023-07-18 07:34:02,59.416866
2023-07-18 07:35:02,59.4880027
2023-07-18 07:36:02,60.235505
2023-07-18 07:37:02,60.3541413
2023-07-18 07:38:02,62.4027053
2023-07-18 07:39:02,62.3150937
2023-07-18 07:40:02,61.1689163
2023-07-18 07:41:02,60.3987107
2023-07-18 07:42:02,59.633595
2023-07-18 07:43:02,59.2851933
2023-07-18 07:44:02,61.2525857
2023-07-18 07:45:02,62.613544
2023-07-18 07:46:02,62.931358
2023-07-18 07:47:02,65.925452
2023-07-18 07:48:02,68.3850697
2023-07-18 07:49:02,71.6820507
2023-07-18 07:50:02,75.7534693
2023-07-18 07:51:02,79.870444
2023-07-18 07:52:02,81.6563963
2023-07-18 07:53:02,82.5414547
2023-07-18 07:54:02,83.0155537
2023-07-18 07:55:02,83.225178
2023-07-18 07:56:02,83.818164
2023-07-18 07:57:02,85.5248974
2023-07-18 07:58:02,89.883057
2023-07-18 07:59:02,93.9379317
2023-07-18 08:00:02,98.0582943
2023-07-18 08:01:02,99.4805453
2023-07-18 08:02:02,99.1864213
2023-07-18 08:03:02,98.8753463
2023-07-18 08:04:02,99.0296234
2023-07-18 08:05:02,100.284094
2023-07-18 08:06:02,102.1896233
2023-07-18 08:07:02,104.367974
2023-07-18 08:08:02,106.713721
2023-07-18 08:09:02,107.8404013
2023-07-18 08:10:02,108.1852817
2023-07-18 08:11:02,107.9369047
2023-07-18 08:12:02,109.5746657
2023-07-18 08:13:02,111.528863
2023-07-18 08:14:02,108.9704304
2023-07-18 08:15:02,111.8842383
2023-07-18 08:16:02,111.2087697
2023-07-18 08:17:02,110.326055
2023-07-18 08:18:02,112.690271
2023-07-18 08:19:02,115.721004
2023-07-18 08:20:02,117.7422003
2023-07-18 08:21:02,118.6824886
2023-07-18 08:22:02,115.7297693
2023-07-18 08:23:02,114.7024444
2023-07-18 08:24:02,114.433326
2023-07-18 08:25:02,111.1878604
2023-07-18 08:26:02,104.7293937
2023-07-18 08:27:02,102.0555333
2023-07-18 08:28:02,106.6924713
2023-07-18 08:29:02,118.8399857
2023-07-18 08:30:02,135.0120033
2023-07-18 08:31:02,150.7342467
2023-07-18 08:32:02,158.8684566
2023-07-18 08:33:02,162.6316637
2023-07-18 08:34:02,163.3217419
2023-07-18 08:35:02,163.6177174
2023-07-18 08:36:02,164.7877573
2023-07-18 08:37:02,168.4753519
2023-07-18 08:38:02,172.3872563
2023-07-18 08:39:02,173.715435
2023-07-18 08:40:02,172.1617689
2023-07-18 08:41:02,170.4389976
2023-07-18 08:42:02,169.5838323
2023-07-18 08:43:02,168.9551894
2023-07-18 08:44:02,168.3208609
2023-07-18 08:45:02,169.2601671
2023-07-18 08:46:02,168.3316364
2023-07-18 08:47:02,165.6387987
2023-07-18 08:48:02,160.5481489
2023-07-18 08:49:02,155.9398321
2023-07-18 08:50:02,149.5678569
2023-07-18 08:51:02,143.2583773
2023-07-18 08:52:02,141.131634
2023-07-18 08:53:02,143.4770567
2023-07-18 08:54:02,152.945929
2023-07-18 08:55:02,164.5820637
2023-07-18 08:56:02,176.8559654
2023-07-18 08:57:02,186.460701
2023-07-18 08:58:02,191.5461206
2023-07-18 08:59:02,193.5523209
2023-07-18 09:00:02,193.0702892
2023-07-18 09:01:02,192.7189159
2023-07-18 09:02:02,194.3738832
2023-07-18 09:03:02,194.3976951
2023-07-18 09:04:02,189.8941893
2023-07-18 09:05:02,182.3887442
2023-07-18 09:06:02,171.9585156
2023-07-18 09:07:02,163.9189576
2023-07-18 09:08:02,158.9601967
2023-07-18 09:09:02,155.4084539
2023-07-18 09:10:02,152.4760574
2023-07-18 09:11:02,150.1781619
2023-07-18 09:12:02,143.661473
2023-07-18 09:13:02,134.4230607
2023-07-18 09:14:02,127.968182
2023-07-18 09:15:02,124.326684
2023-07-18 09:16:02,122.6919153
2023-07-18 09:17:02,123.2422593
2023-07-18 09:18:02,128.482784
2023-07-18 09:19:02,136.298276
2023-07-18 09:20:02,146.544132
2023-07-18 09:21:02,151.9652642
2023-07-18 09:22:02,154.600457
2023-07-18 09:23:02,164.0451586
2023-07-18 09:24:02,175.6789588
2023-07-18 09:25:02,189.9577981
2023-07-18 09:26:02,201.3430718
2023-07-18 09:27:02,207.5297613
2023-07-18 09:28:02,209.6069948
2023-07-18 09:29:02,230.2051669
2023-07-18 09:30:02,255.8078446
2023-07-18 09:31:02,263.8537046
2023-07-18 09:32:02,266.2063654
2023-07-18 09:33:02,266.6189969
2023-07-18 09:34:02,252.4576554
2023-07-18 09:35:02,244.2149131
2023-07-18 09:36:02,232.1592331
2023-07-18 09:37:02,225.9263757
2023-07-18 09:38:02,213.8985096
2023-07-18 09:39:02,195.996386
2023-07-18 09:40:02,182.7788794
2023-07-18 09:41:02,171.3534569
2023-07-18 09:42:02,161.9675916
2023-07-18 09:43:02,156.5504177
2023-07-18 09:44:02,158.0521061
2023-07-18 09:45:02,160.7526304
2023-07-18 09:46:02,163.2683796
2023-07-18 09:47:02,168.3045769
2023-07-18 09:48:02,176.8135534
2023-07-18 09:49:02,180.8302711
2023-07-18 09:50:02,177.9996657
2023-07-18 09:51:02,174.9096203
2023-07-18 09:52:02,171.3781819
2023-07-18 09:53:02,172.033882
2023-07-18 09:54:02,170.9117833
2023-07-18 09:55:02,162.4291832
2023-07-18 09:56:02,154.0175956
2023-07-18 09:57:02,150.4270587
2023-07-18 09:58:02,147.4491751
2023-07-18 09:59:02,143.8309554
2023-07-18 10:00:02,141.139408
2023-07-18 10:01:02,146.2046727
2023-07-18 10:02:02,155.6500689
2023-07-18 10:03:02,168.860802
2023-07-18 10:04:02,186.1815546
2023-07-18 10:05:02,196.5264647
2023-07-18 10:06:02,204.2702772
2023-07-18 10:07:02,209.28275
2023-07-18 10:08:02,202.1156763
2023-07-18 10:09:02,200.1206011
2023-07-18 10:10:02,205.557026
2023-07-18 10:11:02,212.8748164
2023-07-18 10:12:02,222.5021357
2023-07-18 10:13:02,231.8908254
2023-07-18 10:14:02,240.9341954
2023-07-18 10:15:02,249.0433123
2023-07-18 10:16:02,255.9175523
2023-07-18 10:17:02,258.78657
2023-07-18 10:18:02,264.97403
2023-07-18 10:19:02,275.1664892
2023-07-18 10:20:02,282.8726254
2023-07-18 10:21:02,279.3529446
2023-07-18 10:22:02,274.8746008
2023-07-18 10:23:02,271.2836246
2023-07-18 10:24:02,261.2521654
2023-07-18 10:25:02,250.67217
2023-07-18 10:26:02,239.1917177
2023-07-18 10:27:02,230.2228723
2023-07-18 10:28:02,226.1040461
2023-07-18 10:29:02,223.4748517
2023-07-18 10:30:02,222.2387627
2023-07-18 10:31:02,221.4452949
2023-07-18 10:32:02,217.1587481
2023-07-18 10:33:02,213.3522872
2023-07-18 10:34:02,214.9997611
2023-07-18 10:35:02,222.7300611
2023-07-18 10:36:02,230.8544454
2023-07-18 10:37:02,243.9876708
2023-07-18 10:38:02,254.2199269
2023-07-18 10:39:02,262.8239923
2023-07-18 10:40:02,266.2029246
2023-07-18 10:41:02,264.7394369
2023-07-18 10:42:02,266.0373292
2023-07-18 10:43:02,272.6778869
2023-07-18 10:44:02,292.0431992
2023-07-18 10:45:02,311.9674
2023-07-18 10:46:02,322.3930654
2023-07-18 10:47:02,320.5415838
2023-07-18 10:48:02,307.7176854
2023-07-18 10:49:02,300.5014446
2023-07-18 10:50:02,298.2106377
2023-07-18 10:51:02,295.2123485
2023-07-18 10:52:02,310.4317038
2023-07-18 10:53:02,335.1536862
2023-07-18 10:54:02,353.8273931
2023-07-18 10:55:02,371.6011192
2023-07-18 10:56:02,364.8092123
2023-07-18 10:57:02,351.2796923
2023-07-18 10:58:02,345.5117592
2023-07-18 10:59:02,360.9394738
2023-07-18 11:00:02,375.6001154
2023-07-18 11:01:02,362.6057962
2023-07-18 11:02:02,347.4603146
2023-07-18 11:03:02,347.7142277
2023-07-18 11:04:02,348.5546546
2023-07-18 11:05:02,364.5175723
2023-07-18 11:06:02,382.3460108
2023-07-18 11:07:02,391.0531346
2023-07-18 11:08:02,407.3640561
2023-07-18 11:09:02,421.6847646
2023-07-18 11:10:02,415.2235954
2023-07-18 11:11:02,403.1232908
2023-07-18 11:12:02,384.0353539
2023-07-18 11:13:02,366.8193962
2023-07-18 11:14:02,379.9404454
2023-07-18 11:15:02,414.6336431
2023-07-18 11:16:02,445.0472285
2023-07-18 11:17:02,478.6534577
2023-07-18 11:18:02,505.5209146
2023-07-18 11:19:02,515.5406346
2023-07-18 11:20:02,535.3001531
2023-07-18 11:21:02,547.93429
2023-07-18 11:22:02,527.1296354
2023-07-18 11:23:02,523.9009115
2023-07-18 11:24:02,525.8752269
2023-07-18 11:25:02,498.6646077
2023-07-18 11:26:02,467.5456123
2023-07-18 11:27:02,465.4029438
2023-07-18 11:28:02,456.8770531
2023-07-18 11:29:02,442.6731777
2023-07-18 11:30:02,443.1106377
2023-07-18 11:31:02,453.7370839
2023-07-18 11:32:02,463.4373661
2023-07-18 11:33:02,467.6806223
2023-07-18 11:34:02,456.4407477
2023-07-18 11:35:02,457.8738961
2023-07-18 11:36:02,472.9034577
2023-07-18 11:37:02,506.3049777
2023-07-18 11:38:02,540.2679162
2023-07-18 11:39:02,578.3931808
2023-07-18 11:40:02,619.7039339
2023-07-18 11:41:02,656.1814785
2023-07-18 11:42:02,687.8308355
2023-07-18 11:43:02,713.9055261
2023-07-18 11:44:02,739.7961799
2023-07-18 11:45:02,735.5678369
2023-07-18 11:46:02,754.2288754
2023-07-18 11:47:02,767.391757
2023-07-18 11:48:02,913.8316645
2023-07-18 11:49:02,850.6908823
2023-07-18 11:50:02,864.1677254
2023-07-18 11:51:02,814.6139839
2023-07-18 11:52:02,816.3258578
2023-07-18 11:53:02,813.6705538
2023-07-18 11:54:02,835.1637755
2023-07-18 11:55:02,873.4843101
2023-07-18 11:56:02,915.1699862
2023-07-18 11:57:02,1002.66706
2023-07-18 11:58:02,913.4489169
2023-07-18 11:59:02,777.5750553
2023-07-18 12:00:02,687.6519185
2023-07-18 12:01:02,648.6071599
2023-07-18 12:02:02,607.9930124
2023-07-18 12:03:02,587.8664323
2023-07-18 12:04:02,576.99962
2023-07-18 12:05:02,571.1072385
2023-07-18 12:06:02,575.5388877
2023-07-18 12:07:02,607.289493
2023-07-18 12:08:02,649.6941284
2023-07-18 12:09:02,678.4324076
2023-07-18 12:10:02,686.7641507
2023-07-18 12:11:02,676.6551838
2023-07-18 12:12:02,676.9578454
2023-07-18 12:13:02,677.1048246
2023-07-18 12:14:02,671.5834354
2023-07-18 12:15:02,660.0645547
2023-07-18 12:16:02,638.0395684
2023-07-18 12:17:02,602.37483
2023-07-18 12:18:02,580.3040461
2023-07-18 12:19:02,562.0597285
2023-07-18 12:20:02,553.2208561
2023-07-18 12:21:02,528.0542538
2023-07-18 12:22:02,483.7778508
2023-07-18 12:23:02,450.3052631
2023-07-18 12:24:02,438.3241077
2023-07-18 12:25:02,457.1956123
2023-07-18 12:26:02,490.1730054
2023-07-18 12:27:02,505.2301854
2023-07-18 12:28:02,511.6718069
2023-07-18 12:29:02,517.8038185
2023-07-18 12:30:02,522.5158423
2023-07-18 12:31:02,515.2873862
2023-07-18 12:32:02,494.2343638
2023-07-18 12:33:02,478.5409785
2023-07-18 12:34:02,474.5990131
2023-07-18 12:35:02,486.4081308
2023-07-18 12:36:02,501.3880331
2023-07-18 12:37:02,529.8333015
2023-07-18 12:38:02,574.8739738
2023-07-18 12:39:02,592.3820292
2023-07-18 12:40:02,580.8488977
2023-07-18 12:41:02,551.5319362
2023-07-18 12:42:02,523.4213339
2023-07-18 12:43:02,507.0950415
2023-07-18 12:44:02,498.1666439
2023-07-18 12:45:02,502.4124623
2023-07-18 12:46:02,518.5915662
2023-07-18 12:47:02,545.4702885
2023-07-18 12:48:02,582.0078838
2023-07-18 12:49:02,622.6152923
2023-07-18 12:50:02,666.617533
2023-07-18 12:51:02,698.8936193
2023-07-18 12:52:02,736.3537607
2023-07-18 12:53:02,786.7203061
2023-07-18 12:54:02,829.799543
2023-07-18 12:55:02,870.2754145
2023-07-18 12:56:02,866.7092507
2023-07-18 12:57:02,838.3483854
2023-07-18 12:58:02,804.5887554
2023-07-18 12:59:02,787.1957069
2023-07-18 13:00:02,775.6331676
2023-07-18 13:01:02,767.85684
2023-07-18 13:02:02,763.6696992
2023-07-18 13:03:02,777.8273193
2023-07-18 13:04:02,793.4066476
2023-07-18 13:05:02,793.2920961
2023-07-18 13:06:02,786.0489338
2023-07-18 13:07:02,775.6549946
2023-07-18 13:08:02,785.5128199
2023-07-18 13:09:02,809.2131101
2023-07-18 13:10:02,819.8009853
2023-07-18 13:11:02,822.2325223
2023-07-18 13:12:02,880.9767878
2023-07-18 13:13:02,913.7079199
2023-07-18 13:14:02,936.076977
2023-07-18 13:15:02,926.1846885
2023-07-18 13:16:02,934.50794
2023-07-18 13:17:02,972.9952476
2023-07-18 13:18:02,1006.066943
2023-07-18 13:19:02,1081.7732876
2023-07-18 13:20:02,1050.0378784
2023-07-18 13:21:02,1056.1126499
2023-07-18 13:22:02,1007.6714253
2023-07-18 13:23:02,957.064477
2023-07-18 13:24:02,930.1473608
2023-07-18 13:25:02,969.8472077
2023-07-18 13:26:02,1031.6576722
2023-07-18 13:27:02,1093.0121801
2023-07-18 13:28:02,1150.1016347
2023-07-18 13:29:02,1188.4666007
2023-07-18 13:30:02,1237.2226999
2023-07-18 13:31:02,1213.347704
2023-07-18 13:32:02,1268.115051
2023-07-18 13:33:02,1481.4490348
2023-07-18 13:34:02,1394.2160884
2023-07-18 13:35:02,1196.8372322
2023-07-18 13:36:02,1344.4281931
2023-07-18 13:37:02,1295.3092091
2023-07-18 13:38:02,1254.2692879
2023-07-18 13:39:02,1259.811384
2023-07-18 13:40:02,1270.3796747
2023-07-18 13:41:02,1223.4191901
2023-07-18 13:42:02,1162.6481761
2023-07-18 13:43:02,1119.3345738
2023-07-18 13:44:02,1114.4535299
2023-07-18 13:45:02,1041.6371376
2023-07-18 13:46:02,975.4378062
2023-07-18 13:47:02,948.0066124
2023-07-18 13:48:02,947.5250361
2023-07-18 13:49:02,1019.5191508
2023-07-18 13:50:02,976.0572353
2023-07-18 13:51:02,975.5277201
2023-07-18 13:52:02,1024.4602753
2023-07-18 13:53:02,1370.2776424
2023-07-18 13:54:02,1270.0268984
2023-07-18 13:55:02,1448.4595345
2023-07-18 13:56:02,1520.1774468
2023-07-18 13:57:02,1122.3820324
2023-07-18 13:58:02,1120.0043315
2023-07-18 13:59:02,1054.7413393
2023-07-18 14:00:02,980.1440731
2023-07-18 14:01:02,949.4287415
2023-07-18 14:02:02,933.9113223
2023-07-18 14:03:02,925.6018984
2023-07-18 14:04:02,982.89603
2023-07-18 14:05:02,1002.0460853
2023-07-18 14:06:02,1035.9246184
2023-07-18 14:07:02,1033.3870238
2023-07-18 14:08:02,1047.6118154
2023-07-18 14:09:02,1151.4825616
2023-07-18 14:10:02,1093.8119292
2023-07-18 14:11:02,1165.7305878
2023-07-18 14:12:02,1181.309003
2023-07-18 14:13:02,1179.904071
2023-07-18 14:14:02,1153.6627477
2023-07-18 14:15:02,1189.1151616
2023-07-18 14:16:02,1440.9161693
2023-07-18 14:17:02,1423.489849
2023-07-18 14:18:02,1369.3599723
2023-07-18 14:19:02,1296.0839733
2023-07-18 14:20:02,1424.3748108
2023-07-18 14:21:02,1421.5182016
2023-07-18 14:22:02,1393.2282292
2023-07-18 14:23:02,1399.9455931
2023-07-18 14:24:02,1271.5740348
2023-07-18 14:25:02,1246.1926148
2023-07-18 14:26:02,1105.9347301
2023-07-18 14:27:02,1009.7749639
2023-07-18 14:28:02,934.8359407
2023-07-18 14:29:02,875.1035331
2023-07-18 14:30:02,840.3482515
2023-07-18 14:31:02,823.2341401
2023-07-18 14:32:02,827.8187692
2023-07-18 14:33:02,842.5596716
2023-07-18 14:34:02,856.5103699
2023-07-18 14:35:02,877.96934
2023-07-18 14:36:02,886.0575223
2023-07-18 14:37:02,877.2062276
2023-07-18 14:38:02,853.1344207
2023-07-18 14:39:02,826.9465816
2023-07-18 14:40:02,822.3447577
2023-07-18 14:41:02,842.8959523
2023-07-18 14:42:02,847.9090231
2023-07-18 14:43:02,868.1791784
2023-07-18 14:44:02,930.0461447
2023-07-18 14:45:02,955.6495078
2023-07-18 14:46:02,1022.0250192
2023-07-18 14:47:02,1131.5882792
2023-07-18 14:48:02,1226.5384524
2023-07-18 14:49:02,1187.5572152
2023-07-18 14:50:02,1144.0936161
2023-07-18 14:51:02,1077.1502646
2023-07-18 14:52:02,1115.4802062
2023-07-18 14:53:02,1213.587617
2023-07-18 14:54:02,1082.8703646
2023-07-18 14:55:02,987.7920216
2023-07-18 14:56:02,931.44434
2023-07-18 14:57:02,893.0812692
2023-07-18 14:58:02,882.3039499
2023-07-18 14:59:02,894.99831
2023-07-18 15:00:02,948.8677784
2023-07-18 15:01:02,977.5837361
2023-07-18 15:02:02,998.4750754
2023-07-18 15:03:02,949.6902699
2023-07-18 15:04:02,920.9781739
2023-07-18 15:05:02,893.2431984
2023-07-18 15:06:02,885.9940699
2023-07-18 15:07:02,883.2071599
2023-07-18 15:08:02,887.2440923
2023-07-18 15:09:02,863.5665445
2023-07-18 15:10:02,844.12576
2023-07-18 15:11:02,840.5152338
2023-07-18 15:12:02,894.573937
2023-07-18 15:13:02,907.348597
2023-07-18 15:14:02,936.6359046
2023-07-18 15:15:02,958.5512522
2023-07-18 15:16:02,962.8151785
2023-07-18 15:17:02,997.0665646
2023-07-18 15:18:02,1037.9467347
2023-07-18 15:19:02,1067.7366061
2023-07-18 15:20:02,1045.54527
2023-07-18 15:21:02,1037.5148522
2023-07-18 15:22:02,1032.4978507
2023-07-18 15:23:02,1009.1367208
2023-07-18 15:24:02,996.6088531
2023-07-18 15:25:02,941.2761224
2023-07-18 15:26:02,864.18843
2023-07-18 15:27:02,793.7778147
2023-07-18 15:28:02,743.6369292
2023-07-18 15:29:02,691.2884853
2023-07-18 15:30:02,656.7458801
2023-07-18 15:31:02,625.1963339
2023-07-18 15:32:02,603.5650478
2023-07-18 15:33:02,588.5773554
2023-07-18 15:34:02,570.3047869
2023-07-18 15:35:02,555.29337
2023-07-18 15:36:02,546.27369
2023-07-18 15:37:02,555.8048831
2023-07-18 15:38:02,577.99506
2023-07-18 15:39:02,614.4323523
2023-07-18 15:40:02,644.2472799
2023-07-18 15:41:02,673.5649107
2023-07-18 15:42:02,692.5895355
2023-07-18 15:43:02,700.7614562
2023-07-18 15:44:02,707.4162808
2023-07-18 15:45:02,712.9082622
2023-07-18 15:46:02,720.0168676
2023-07-18 15:47:02,727.9161693
2023-07-18 15:48:02,734.940827
2023-07-18 15:49:02,741.5006846
2023-07-18 15:50:02,745.6517453
2023-07-18 15:51:02,748.8645716
2023-07-18 15:52:02,748.2769377
2023-07-18 15:53:02,745.0825022
2023-07-18 15:54:02,742.7472662
2023-07-18 15:55:02,735.7290646
2023-07-18 15:56:02,724.6143399
2023-07-18 15:57:02,713.9625224
2023-07-18 15:58:02,703.6054315
2023-07-18 15:59:02,699.0702892
2023-07-18 16:00:02,696.963733
2023-07-18 16:01:02,694.1811746
2023-07-18 16:02:02,687.8513308
2023-07-18 16:03:02,679.2679539
2023-07-18 16:04:02,671.0951201
2023-07-18 16:05:02,661.2746376
2023-07-18 16:06:02,652.4115508
2023-07-18 16:07:02,645.1660747
2023-07-18 16:08:02,637.9337224
2023-07-18 16:09:02,631.1873693
2023-07-18 16:10:02,626.0508322
2023-07-18 16:11:02,619.3345907
2023-07-18 16:12:02,610.0420801
2023-07-18 16:13:02,601.1931038
2023-07-18 16:14:02,590.8021822
2023-07-18 16:15:02,580.3139062
2023-07-18 16:16:02,567.8982716
2023-07-18 16:17:02,553.4388685
2023-07-18 16:18:02,534.6701946
2023-07-18 16:19:02,522.8463339
2023-07-18 16:20:02,520.9635815
2023-07-18 16:21:02,526.3927062
2023-07-18 16:22:02,534.7575808
2023-07-18 16:23:02,547.4756654
2023-07-18 16:24:02,557.9427423
2023-07-18 16:25:02,568.2343085
2023-07-18 16:26:02,575.6499639
2023-07-18 16:27:02,580.4726085
2023-07-18 16:28:02,583.6068208
2023-07-18 16:29:02,583.1268223
2023-07-18 16:30:02,583.5074654
2023-07-18 16:31:02,586.3571631
2023-07-18 16:32:02,592.4280039
2023-07-18 16:33:02,596.6882824
2023-07-18 16:34:02,599.7231761
2023-07-18 16:35:02,601.8106377
2023-07-18 16:36:02,604.57179
2023-07-18 16:37:02,609.2173438
2023-07-18 16:38:02,613.9173639
2023-07-18 16:39:02,617.9504369
2023-07-18 16:40:02,624.2105815
2023-07-18 16:41:02,634.0619484
2023-07-18 16:42:02,643.1471853
2023-07-18 16:43:02,656.3668516
2023-07-18 16:44:02,671.4477561
2023-07-18 16:45:02,684.0894738
2023-07-18 16:46:02,701.353513
2023-07-18 16:47:02,719.8751531
2023-07-18 16:48:02,736.3406346
2023-07-18 16:49:02,753.4411277
2023-07-18 16:50:02,765.6966593
2023-07-18 16:51:02,781.6584523
2023-07-18 16:52:02,789.2611299
2023-07-18 16:53:02,794.9018431
2023-07-18 16:54:02,801.4232355
2023-07-18 16:55:02,809.3578422
2023-07-18 16:56:02,814.9210661
2023-07-18 16:57:02,819.7287607
2023-07-18 16:58:02,826.7824076
2023-07-18 16:59:02,857.0043708
2023-07-18 17:00:02,890.8612862
2023-07-18 17:01:02,901.9289115
2023-07-18 17:02:02,943.5837745
2023-07-18 17:03:02,961.6051669
2023-07-18 17:04:02,1003.7862446
2023-07-18 17:05:02,1061.7025446
2023-07-18 17:06:02,985.6917145
2023-07-18 17:07:02,957.5304708
2023-07-18 17:08:02,936.0392846
2023-07-18 17:09:02,926.8486916
2023-07-18 17:10:02,926.6047099
2023-07-18 17:11:02,939.814477
2023-07-18 17:12:02,949.3047853
2023-07-18 17:13:02,961.3774692
2023-07-18 17:14:02,1015.1050138
2023-07-18 17:15:02,1003.90929
2023-07-18 17:16:02,943.6614754
2023-07-18 17:17:02,863.70152
2023-07-18 17:18:02,801.3030007
2023-07-18 17:19:02,765.2532653
2023-07-18 17:20:02,764.5381654
2023-07-18 17:21:02,780.7867592
2023-07-18 17:22:02,831.2147215
2023-07-18 17:23:02,821.5229677
2023-07-18 17:24:02,792.2352392
2023-07-18 17:25:02,774.6250224
2023-07-18 17:26:02,755.1148193
2023-07-18 17:27:02,733.8073916
2023-07-18 17:28:02,724.9930878
2023-07-18 17:29:02,735.0326361
2023-07-18 17:30:02,725.441183
2023-07-18 17:31:02,722.8072184
2023-07-18 17:32:02,722.6726615
2023-07-18 17:33:02,723.9231761
2023-07-18 17:34:02,721.8830899
2023-07-18 17:35:02,722.4477031
2023-07-18 17:36:02,726.4952339
2023-07-18 17:37:02,731.8662054
2023-07-18 17:38:02,740.0774331
2023-07-18 17:39:02,752.6490284
2023-07-18 17:40:02,768.5197184
2023-07-18 17:41:02,798.5972301
2023-07-18 17:42:02,839.6161661
2023-07-18 17:43:02,908.1789499
2023-07-18 17:44:02,948.937197
2023-07-18 17:45:02,1025.1822545
2023-07-18 17:46:02,1142.0204007
2023-07-18 17:47:02,1174.152737
2023-07-18 17:48:02,1113.7915646
2023-07-18 17:49:02,1120.0705899
2023-07-18 17:50:02,1033.4240147
2023-07-18 17:51:02,1022.9581292
2023-07-18 17:52:02,950.4789307
2023-07-18 17:53:02,923.8104284
2023-07-18 17:54:02,885.7111331
2023-07-18 17:55:02,846.3434269
2023-07-18 17:56:02,809.2724915
2023-07-18 17:57:02,772.6212946
2023-07-18 17:58:02,754.5849522
2023-07-18 17:59:02,730.8597438
2023-07-18 18:00:02,710.1721684
2023-07-18 18:01:02,678.7389976
2023-07-18 18:02:02,651.9525053
2023-07-18 18:03:02,639.5417145
2023-07-18 18:04:02,621.2601254
2023-07-18 18:05:02,602.6995992
2023-07-18 18:06:02,601.9691284
2023-07-18 18:07:02,615.2123076
2023-07-18 18:08:02,629.75794
2023-07-18 18:09:02,634.867873
2023-07-18 18:10:02,645.0138308
2023-07-18 18:11:02,659.58066
2023-07-18 18:12:02,700.8553008
2023-07-18 18:13:02,682.0971885
2023-07-18 18:14:02,693.5960661
2023-07-18 18:15:02,711.9217347
2023-07-18 18:16:02,706.934003
2023-07-18 18:17:02,701.5547492
2023-07-18 18:18:02,675.5364201
2023-07-18 18:19:02,630.6641699
2023-07-18 18:20:02,589.3151977
2023-07-18 18:21:02,561.7844415
2023-07-18 18:22:02,525.2178938
2023-07-18 18:23:02,484.7498469
2023-07-18 18:24:02,452.5257015
2023-07-18 18:25:02,420.7127662
2023-07-18 18:26:02,394.7207238
2023-07-18 18:27:02,381.9055654
2023-07-18 18:28:02,375.0559285
2023-07-18 18:29:02,376.0575808
2023-07-18 18:30:02,378.8608461
2023-07-18 18:31:02,376.6889446
2023-07-18 18:32:02,368.7585469
2023-07-18 18:33:02,356.9135262
2023-07-18 18:34:02,344.0740131
2023-07-18 18:35:02,326.0622715
2023-07-18 18:36:02,295.9943761
2023-07-18 18:37:02,264.5218477
2023-07-18 18:38:02,242.0379746
2023-07-18 18:39:02,224.4961414
2023-07-18 18:40:02,214.7997531
2023-07-18 18:41:02,208.641878
2023-07-18 18:42:02,203.0208689
2023-07-18 18:43:02,199.6051044
2023-07-18 18:44:02,198.6032934
2023-07-18 18:45:02,200.9348977
2023-07-18 18:46:02,207.4656074
2023-07-18 18:47:02,216.7968983
2023-07-18 18:48:02,227.0383843
2023-07-18 18:49:02,236.7707446
2023-07-18 18:50:02,247.58028
2023-07-18 18:51:02,253.4275654
2023-07-18 18:52:02,257.5859608
2023-07-18 18:53:02,257.2055477
2023-07-18 18:54:02,252.5625377
2023-07-18 18:55:02,244.1728346
2023-07-18 18:56:02,235.8889246
2023-07-18 18:57:02,234.2892677
2023-07-18 18:58:02,236.0158823
2023-07-18 18:59:02,236.4609231
2023-07-18 19:00:02,234.3295223
2023-07-18 19:01:02,232.7721877
2023-07-18 19:02:02,232.9690723
2023-07-18 19:03:02,235.3376146
2023-07-18 19:04:02,238.8108469
2023-07-18 19:05:02,238.30967
2023-07-18 19:06:02,238.1288946
2023-07-18 19:07:02,236.1987277
2023-07-18 19:08:02,232.4856192
2023-07-18 19:09:02,225.6030601
2023-07-18 19:10:02,215.4976559
2023-07-18 19:11:02,201.0211799
2023-07-18 19:12:02,187.1527963
2023-07-18 19:13:02,178.6289756
2023-07-18 19:14:02,168.846887
2023-07-18 19:15:02,161.3453358
2023-07-18 19:16:02,158.1143671
2023-07-18 19:17:02,156.1740917
2023-07-18 19:18:02,155.7700231
2023-07-18 19:19:02,156.0672797
2023-07-18 19:20:02,154.895662
2023-07-18 19:21:02,152.9599843
2023-07-18 19:22:02,146.8179447
2023-07-18 19:23:02,136.5934373
2023-07-18 19:24:02,126.1371773
2023-07-18 19:25:02,113.242133
2023-07-18 19:26:02,102.4141884
2023-07-18 19:27:02,94.5431744
2023-07-18 19:28:02,90.0710084
2023-07-18 19:29:02,88.1489766
2023-07-18 19:30:02,90.1095886
2023-07-18 19:31:02,93.0629197
2023-07-18 19:32:02,98.0484066
2023-07-18 19:33:02,102.1242596
2023-07-18 19:34:02,103.7369897
2023-07-18 19:35:02,103.1305257
2023-07-18 19:36:02,100.7188354
2023-07-18 19:37:02,98.495177
2023-07-18 19:38:02,96.7715363
2023-07-18 19:39:02,97.6607347
2023-07-18 19:40:02,101.3720883
2023-07-18 19:41:02,108.319512
2023-07-18 19:42:02,115.8207987
2023-07-18 19:43:02,121.791785
2023-07-18 19:44:02,127.908704
2023-07-18 19:45:02,131.9837773
2023-07-18 19:46:02,136.7170853
2023-07-18 19:47:02,141.5429223
2023-07-18 19:48:02,146.8267537
2023-07-18 19:49:02,150.5509091
2023-07-18 19:50:02,152.59603
2023-07-18 19:51:02,154.1374279
2023-07-18 19:52:02,154.7410491
2023-07-18 19:53:02,155.155102
2023-07-18 19:54:02,154.7596147
2023-07-18 19:55:02,153.8261689
2023-07-18 19:56:02,152.7332871
2023-07-18 19:57:02,151.9275534
2023-07-18 19:58:02,151.5239931
2023-07-18 19:59:02,151.3968077
2023-07-18 20:00:02,150.8223183
2023-07-18 20:01:02,148.9933997
2023-07-18 20:02:02,145.1372266
2023-07-18 20:03:02,142.33297
2023-07-18 20:04:02,141.9634957
2023-07-18 20:05:02,145.3746004
2023-07-18 20:06:02,149.0692422
2023-07-18 20:07:02,152.3342026
2023-07-18 20:08:02,153.694878
2023-07-18 20:09:02,153.687035
2023-07-18 20:10:02,152.7876499
2023-07-18 20:11:02,150.8422156
2023-07-18 20:12:02,148.4459146
2023-07-18 20:13:02,146.393574
2023-07-18 20:14:02,143.8695517
2023-07-18 20:15:02,140.6475737
2023-07-18 20:16:02,137.3942927
2023-07-18 20:17:02,133.0530657
2023-07-18 20:18:02,129.126025
2023-07-18 20:19:02,124.791468
2023-07-18 20:20:02,120.8995667
2023-07-18 20:21:02,118.3857587
2023-07-18 20:22:02,116.0378267
2023-07-18 20:23:02,114.5585817
2023-07-18 20:24:02,114.0218514
2023-07-18 20:25:02,113.7287187
2023-07-18 20:26:02,113.5472257
2023-07-18 20:27:02,112.847269
2023-07-18 20:28:02,112.1365736
2023-07-18 20:29:02,111.7110437
2023-07-18 20:30:02,111.5139843
2023-07-18 20:31:02,110.9349294
2023-07-18 20:32:02,109.1259656
2023-07-18 20:33:02,107.798769
2023-07-18 20:34:02,105.5427266
2023-07-18 20:35:02,103.0812183
2023-07-18 20:36:02,101.088634
2023-07-18 20:37:02,99.2132163
2023-07-18 20:38:02,97.2438666
2023-07-18 20:39:02,95.6233257
2023-07-18 20:40:02,94.5077383
2023-07-18 20:41:02,93.1646073
2023-07-18 20:42:02,91.958255
2023-07-18 20:43:02,91.1194427
2023-07-18 20:44:02,90.5214657
2023-07-18 20:45:02,90.2435107
2023-07-18 20:46:02,90.0519966
2023-07-18 20:47:02,90.634743
2023-07-18 20:48:02,91.1156523
2023-07-18 20:49:02,92.7475184
2023-07-18 20:50:02,92.5533386
2023-07-18 20:51:02,92.5954263
2023-07-18 20:52:02,92.6128856
2023-07-18 20:53:02,92.6715126
2023-07-18 20:54:02,92.0116863
2023-07-18 20:55:02,91.8846067
2023-07-18 20:56:02,92.1948583
2023-07-18 20:57:02,92.6550883
2023-07-18 20:58:02,93.5244837
2023-07-18 20:59:02,92.980605
2023-07-18 21:00:02,91.6019597
2023-07-18 21:01:02,89.965742
2023-07-18 21:02:02,87.54168
2023-07-18 21:03:02,85.5510093
2023-07-18 21:04:02,84.489879
2023-07-18 21:05:02,83.794405
2023-07-18 21:06:02,83.416009
2023-07-18 21:07:02,83.0512543
2023-07-18 21:08:02,82.2926637
2023-07-18 21:09:02,81.9150474
2023-07-18 21:10:02,81.9731477
2023-07-18 21:11:02,82.7000673
2023-07-18 21:12:02,83.665053
2023-07-18 21:13:02,84.269769
2023-07-18 21:14:02,84.5923923
2023-07-18 21:15:02,84.703618
2023-07-18 21:16:02,84.628293
2023-07-18 21:17:02,84.6390777
2023-07-18 21:18:02,84.3481737
2023-07-18 21:19:02,83.7463603
2023-07-18 21:20:02,83.235804
2023-07-18 21:21:02,82.353386
2023-07-18 21:22:02,81.6648097
2023-07-18 21:23:02,80.487603
2023-07-18 21:24:02,79.2737987
2023-07-18 21:25:02,77.9290393
2023-07-18 21:26:02,75.7550034
2023-07-18 21:27:02,73.7258606
2023-07-18 21:28:02,72.0992063
2023-07-18 21:29:02,70.098319
2023-07-18 21:30:02,68.268002
2023-07-18 21:31:02,66.921398
2023-07-18 21:32:02,65.6058187
2023-07-18 21:33:02,64.228581
2023-07-18 21:34:02,63.1609463
2023-07-18 21:35:02,62.163342
2023-07-18 21:36:02,61.569321
2023-07-18 21:37:02,61.420626
2023-07-18 21:38:02,61.83136
2023-07-18 21:39:02,62.444977
2023-07-18 21:40:02,63.4055513
2023-07-18 21:41:02,64.1119687
2023-07-18 21:42:02,65.250379
2023-07-18 21:43:02,67.183161
2023-07-18 21:44:02,69.3675883
2023-07-18 21:45:02,71.2445723
2023-07-18 21:46:02,73.1623537
2023-07-18 21:47:02,74.1451
2023-07-18 21:48:02,74.2502353
2023-07-18 21:49:02,73.9718594
2023-07-18 21:50:02,73.4519513
2023-07-18 21:51:02,72.5425773
2023-07-18 21:52:02,70.989569
2023-07-18 21:53:02,69.651912
2023-07-18 21:54:02,67.3160297
2023-07-18 21:55:02,65.113368
2023-07-18 21:56:02,64.1634887
2023-07-18 21:57:02,64.1199543
2023-07-18 21:58:02,64.2692933
2023-07-18 21:59:02,64.844705
2023-07-18 22:00:02,65.3145513
2023-07-18 22:01:02,66.625112
2023-07-18 22:02:02,66.8193447
2023-07-18 22:03:02,67.720924
2023-07-18 22:04:02,70.8728647
2023-07-18 22:05:02,72.8165303
2023-07-18 22:06:02,71.1014893
2023-07-18 22:07:02,67.704272
2023-07-18 22:08:02,66.669893
2023-07-18 22:09:02,67.492534
2023-07-18 22:10:02,68.489377
2023-07-18 22:11:02,67.919897
2023-07-18 22:12:02,65.8360257
2023-07-18 22:13:02,63.8247447
2023-07-18 22:14:02,61.6530617
2023-07-18 22:15:02,58.598871
2023-07-18 22:16:02,56.5391497
2023-07-18 22:17:02,54.846766
2023-07-18 22:18:02,52.983053
2023-07-18 22:19:02,51.393063
2023-07-18 22:20:02,49.2139763
2023-07-18 22:21:02,47.020165
2023-07-18 22:22:02,44.6983357
2023-07-18 22:23:02,41.752728
2023-07-18 22:24:02,38.324233
2023-07-18 22:25:02,35.196992
2023-07-18 22:26:02,31.48263
2023-07-18 22:27:02,28.865805
2023-07-18 22:28:02,26.331941
2023-07-18 22:29:02,24.74915
2023-07-18 22:30:02,23.652855
2023-07-18 22:31:02,21.8950754
2023-07-18 22:32:02,20.2610818
2023-07-18 22:33:02,19.3383448
2023-07-18 22:34:02,19.8322974
2023-07-18 22:35:02,21.3606198
2023-07-18 22:36:02,22.3957486
2023-07-18 22:37:02,23.538177
2023-07-18 22:38:02,23.333983
2023-07-18 22:39:02,21.5531643
2023-07-18 22:40:02,19.697223
2023-07-18 22:41:02,19.0432985
2023-07-18 22:42:02,19.8511482
2023-07-18 22:43:02,20.916637
2023-07-18 22:44:02,21.5735538
2023-07-18 22:45:02,22.0886411
2023-07-18 22:46:02,22.4766005
2023-07-18 22:47:02,22.7895546
2023-07-18 22:48:02,22.1866947
2023-07-18 22:49:02,21.1401234
2023-07-18 22:50:02,19.9243825
2023-07-18 22:51:02,19.9693613
2023-07-18 22:52:02,21.3060086
2023-07-18 22:53:02,22.9277409
2023-07-18 22:54:02,23.664355
2023-07-18 22:55:02,23.766452
2023-07-18 22:56:02,22.2243273
2023-07-18 22:57:02,20.3272919
2023-07-18 22:58:02,18.4558739
2023-07-18 22:59:02,17.053442
2023-07-18 23:00:02,16.1224641
2023-07-18 23:01:02,15.6812298
2023-07-18 23:02:02,15.4143148
2023-07-18 23:03:02,17.1170945
2023-07-18 23:04:02,13.6952626
2023-07-18 23:05:02,10.2456329
2023-07-18 23:06:02,9.5120571
2023-07-18 23:07:02,7.4283054
2023-07-18 23:08:02,6.1846586
2023-07-18 23:09:02,5.59659
2023-07-18 23:10:02,5.1756118
2023-07-18 23:11:02,5.1183901
2023-07-18 23:12:02,4.6532565
2023-07-18 23:13:02,4.8546652
2023-07-18 23:14:02,4.8651601
2023-07-18 23:15:02,5.0841661
2023-07-18 23:16:02,5.2569766
2023-07-18 23:17:02,5.2973531
2023-07-18 23:18:02,5.5158071
2023-07-18 23:19:02,5.8715021
2023-07-18 23:20:02,6.9519984
2023-07-18 23:21:02,6.1143614
2023-07-18 23:22:02,6.0918605
2023-07-18 23:23:02,5.0092367
2023-07-18 23:24:02,5.0471522
2023-07-18 23:25:02,4.9829546
2023-07-18 23:26:02,4.9661232
2023-07-18 23:27:02,5.0183217
2023-07-18 23:28:02,4.6204792
2023-07-18 23:29:02,4.3610576
2023-07-18 23:30:02,4.2907581
2023-07-18 23:31:02,4.2463543
2023-07-18 23:32:02,4.3166906
2023-07-18 23:33:02,4.0779253
2023-07-18 23:34:02,3.8681492
2023-07-18 23:35:02,3.6130769
2023-07-18 23:36:02,3.493953
2023-07-18 23:37:02,3.0985255
2023-07-18 23:38:02,2.9428109
2023-07-18 23:39:02,2.937537
2023-07-18 23:40:02,1.7736841
2023-07-18 23:41:02,1.3735439
2023-07-18 23:42:02,1.5716544
2023-07-18 23:43:02,2.6033861
2023-07-18 23:44:02,2.1008407
2023-07-18 23:45:02,3.670616
2023-07-18 23:46:02,3.318647
2023-07-18 23:47:02,3.8667324
2023-07-18 23:48:02,2.7551861
2023-07-18 23:49:02,7.9769658
2023-07-18 23:50:02,9.6965493
2023-07-18 23:51:02,11.7026507
2023-07-18 23:52:02,13.7591106
2023-07-18 23:53:02,8.9076056
2023-07-18 23:54:02,11.5140438
2023-07-18 23:55:02,10.567879
2023-07-18 23:56:02,9.3319924
2023-07-18 23:57:02,8.7136742
2023-07-18 23:58:02,6.5731378
2023-07-18 23:59:02,4.8862235
